{"00": {"0": {"agg_fitness": 860.1862826844811, "fitness": [714.0, 472.305681960506, 459.2806007239751, 0.0]}, "1": {"agg_fitness": 2005.831686480643, "fitness": [368.0, 1869.5, 173.13168648064286, 0.0]}, "2": {"agg_fitness": 2006.375683113453, "fitness": [369.0, 1868.5, 174.77568311345314, 0.0]}, "3": {"agg_fitness": 2006.968847841608, "fitness": [367.0, 1870.5, 173.16884784160806, 0.0]}, "4": {"agg_fitness": 2006.2290914757593, "fitness": [369.0, 1868.5, 174.6290914757595, 0.0]}, "5": {"agg_fitness": 2010.3166064761435, "fitness": [365.0, 1873.5, 173.31660647614342, 0.0]}, "6": {"agg_fitness": 2005.9288120530748, "fitness": [368.0, 1869.5, 173.2288120530748, 0.0]}, "7": {"agg_fitness": 2006.8957657449594, "fitness": [367.0, 1870.5, 173.0957657449595, 0.0]}, "8": {"agg_fitness": 2012.744584729413, "fitness": [363.0, 1875.5, 173.54458472941286, 0.0]}, "9": {"agg_fitness": 2006.9489404335811, "fitness": [367.0, 1870.5, 173.14894043358126, 0.0]}, "10": {"agg_fitness": 2006.0855365572309, "fitness": [368.0, 1869.5, 173.38553655723084, 0.0]}, "11": {"agg_fitness": 2207.3241931860916, "fitness": [154.0, 2152.5, 20.224193186091735, 10000.0]}, "12": {"agg_fitness": 2207.8600972125296, "fitness": [154.0, 2152.5, 20.760097212529537, 10000.0]}, "13": {"agg_fitness": 2207.9655722795487, "fitness": [154.0, 2152.5, 20.865572279548648, 10000.0]}, "14": {"agg_fitness": 2208.126889481819, "fitness": [154.0, 2152.5, 21.02688948181912, 10000.0]}, "15": {"agg_fitness": 2404.9315499618306, "fitness": [110.0, 2249.0, 16.93154996183072, 30000.0]}, "16": {"agg_fitness": 2404.9728424558125, "fitness": [110.0, 2249.0, 16.972842455812565, 30000.0]}, "17": {"agg_fitness": 2405.0102211874378, "fitness": [110.0, 2249.0, 17.010221187437708, 30000.0]}, "18": {"agg_fitness": 2405.0647947507637, "fitness": [109.0, 2249.0, 16.96479475076388, 30000.0]}, "19": {"agg_fitness": 2197.7096537347475, "fitness": [153.0, 2169.5, 18.5096537347477, 5000.0]}, "20": {"agg_fitness": 2197.847867306372, "fitness": [153.0, 2169.5, 18.64786730637189, 5000.0]}, "21": {"agg_fitness": 2198.015672933949, "fitness": [153.0, 2169.5, 18.81567293394935, 5000.0]}, "22": {"agg_fitness": 2192.113095505082, "fitness": [152.0, 2164.0, 18.313095505082085, 5000.0]}, "23": {"agg_fitness": 2192.113095505082, "fitness": [152.0, 2164.0, 18.313095505082085, 5000.0]}, "24": {"agg_fitness": 2656.7178489591643, "fitness": [111.0, 2276.5, 16.31784895916427, 75000.0]}, "25": {"agg_fitness": 2672.6999372575524, "fitness": [97.0, 2291.0, 16.399937257552285, 75000.0]}, "26": {"agg_fitness": 2673.270174630697, "fitness": [97.0, 2292.0, 15.970174630697075, 75000.0]}, "27": {"agg_fitness": 2683.1943748502854, "fitness": [97.0, 2301.5, 16.39437485028537, 75000.0]}, "28": {"agg_fitness": 2673.30312522384, "fitness": [96.0, 2292.0, 15.903125223840242, 75000.0]}, "29": {"agg_fitness": 2672.981952824064, "fitness": [97.0, 2292.0, 15.68195282406413, 75000.0]}, "30": {"agg_fitness": 2521.5486583052298, "fitness": [117.0, 2241.0, 17.24865830522968, 55000.0]}, "31": {"agg_fitness": 2544.5578024627976, "fitness": [109.0, 2263.5, 16.95780246279783, 55000.0]}, "32": {"agg_fitness": 2544.740376580267, "fitness": [109.0, 2263.5, 17.140376580266782, 55000.0]}, "33": {"agg_fitness": 2544.254923335586, "fitness": [109.0, 2263.5, 16.654923335586478, 55000.0]}, "34": {"agg_fitness": 2544.746966263883, "fitness": [109.0, 2263.5, 17.146966263883236, 55000.0]}, "35": {"agg_fitness": 2522.5799497563867, "fitness": [117.0, 2241.0, 18.279949756386443, 55000.0]}, "36": {"agg_fitness": 2521.642825789835, "fitness": [117.0, 2241.0, 17.342825789835114, 55000.0]}, "37": {"agg_fitness": 2711.350237765376, "fitness": [87.0, 2262.5, 182.55023776537567, 55000.0]}, "38": {"agg_fitness": 2696.6495954455345, "fitness": [104.0, 2231.0, 201.04959544553472, 55000.0]}, "39": {"agg_fitness": 2696.7830799964354, "fitness": [104.0, 2231.0, 201.1830799964353, 55000.0]}, "40": {"agg_fitness": 2711.2295758426635, "fitness": [87.0, 2262.5, 182.42957584266313, 55000.0]}, "41": {"agg_fitness": 2696.3147826933764, "fitness": [104.0, 2231.0, 200.71478269337666, 55000.0]}, "42": {"agg_fitness": 2694.226937459932, "fitness": [105.0, 2231.0, 198.72693745993175, 55000.0]}, "43": {"agg_fitness": 2310.264343892478, "fitness": [310.0, 1987.5, 28.764343892477594, 65000.0]}, "44": {"agg_fitness": 2310.264343892478, "fitness": [310.0, 1987.5, 28.764343892477594, 65000.0]}, "45": {"agg_fitness": 2144.2415568390043, "fitness": [338.0, 1922.5, 30.541556839004325, 45000.0]}, "46": {"agg_fitness": 2144.2415568390043, "fitness": [338.0, 1922.5, 30.541556839004325, 45000.0]}, "47": {"agg_fitness": 2669.7393058425096, "fitness": [97.0, 2241.0, 188.43930584250916, 50000.0]}, "48": {"agg_fitness": 2669.7393058425096, "fitness": [97.0, 2241.0, 188.43930584250916, 50000.0]}, "49": {"agg_fitness": 2669.7393058425096, "fitness": [97.0, 2241.0, 188.43930584250916, 50000.0]}, "50": {"agg_fitness": 2491.1779787828746, "fitness": [36.0, 2250.5, 219.2779787828747, 5000.0]}, "51": {"agg_fitness": 2491.111787231692, "fitness": [36.0, 2250.5, 219.21178723169146, 5000.0]}, "52": {"agg_fitness": 2310.264343892478, "fitness": [310.0, 1987.5, 28.764343892477594, 65000.0]}, "53": {"agg_fitness": 2310.264343892478, "fitness": [310.0, 1987.5, 28.764343892477594, 65000.0]}, "54": {"agg_fitness": 2169.673394127066, "fitness": [341.0, 1942.0, 36.77339412706598, 45000.0]}, "55": {"agg_fitness": 2169.673394127066, "fitness": [341.0, 1942.0, 36.77339412706598, 45000.0]}, "56": {"agg_fitness": 2669.583883551633, "fitness": [97.0, 2241.0, 188.2838835516328, 50000.0]}, "57": {"agg_fitness": 2669.583883551633, "fitness": [97.0, 2241.0, 188.2838835516328, 50000.0]}, "58": {"agg_fitness": 2669.583883551633, "fitness": [97.0, 2241.0, 188.2838835516328, 50000.0]}, "59": {"agg_fitness": 2272.634931806803, "fitness": [76.0, 2227.5, 27.73493180680275, 5000.0]}, "60": {"agg_fitness": 2289.815208463588, "fitness": [70.0, 2246.0, 25.815208463588213, 5000.0]}, "61": {"agg_fitness": 2289.503214132142, "fitness": [73.0, 2243.0, 28.803214132142138, 5000.0]}, "62": {"agg_fitness": 2287.105269505292, "fitness": [75.0, 2240.0, 29.605269505292338, 5000.0]}, "63": {"agg_fitness": 2618.136083728115, "fitness": [111.0, 2258.0, 21.2360837281147, 70000.0]}, "64": {"agg_fitness": 2619.8605492177944, "fitness": [110.0, 2258.0, 22.860549217794635, 70000.0]}, "65": {"agg_fitness": 2618.136083728115, "fitness": [111.0, 2258.0, 21.2360837281147, 70000.0]}, "66": {"agg_fitness": 2618.136083728115, "fitness": [111.0, 2258.0, 21.2360837281147, 70000.0]}, "67": {"agg_fitness": 2466.217895526299, "fitness": [139.0, 2208.5, 21.617895526299126, 50000.0]}, "68": {"agg_fitness": 2466.217895526299, "fitness": [139.0, 2208.5, 21.617895526299126, 50000.0]}, "69": {"agg_fitness": 2669.7393058425096, "fitness": [97.0, 2241.0, 188.43930584250916, 50000.0]}, "70": {"agg_fitness": 2669.7393058425096, "fitness": [97.0, 2241.0, 188.43930584250916, 50000.0]}, "71": {"agg_fitness": 2669.7393058425096, "fitness": [97.0, 2241.0, 188.43930584250916, 50000.0]}, "72": {"agg_fitness": 2491.1779787828746, "fitness": [36.0, 2250.5, 219.2779787828747, 5000.0]}, "73": {"agg_fitness": 2491.111787231692, "fitness": [36.0, 2250.5, 219.21178723169146, 5000.0]}, "74": {"agg_fitness": 2538.0041507534547, "fitness": [138.0, 2203.0, 23.804150753454834, 65000.0]}, "75": {"agg_fitness": 2539.654924122508, "fitness": [138.0, 2203.0, 25.454924122508228, 65000.0]}, "76": {"agg_fitness": 2538.0041507534547, "fitness": [138.0, 2203.0, 23.804150753454834, 65000.0]}, "77": {"agg_fitness": 2538.0041507534547, "fitness": [138.0, 2203.0, 23.804150753454834, 65000.0]}, "78": {"agg_fitness": 2457.555755878222, "fitness": [123.0, 2220.5, 24.355755878222094, 45000.0]}, "79": {"agg_fitness": 2457.555755878222, "fitness": [123.0, 2220.5, 24.355755878222094, 45000.0]}, "80": {"agg_fitness": 2728.900842820859, "fitness": [39.0, 2281.5, 226.3008428208591, 45000.0]}, "81": {"agg_fitness": 2728.900842820859,