{"00": {"0": {"agg_fitness": 860.1862826844811, "fitness": [714.0, 472.305681960506, 459.2806007239751, 0.0]}, "1": {"agg_fitness": 2391.1412902991756, "fitness": [104.0, 2197.0, 204.54129029917573, 0.0]}, "2": {"agg_fitness": 2391.1412902991756, "fitness": [104.0, 2197.0, 204.54129029917573, 0.0]}, "3": {"agg_fitness": 2596.63469375863, "fitness": [106.0, 2203.5, 203.73469375862973, 40000.0]}, "4": {"agg_fitness": 2596.63469375863, "fitness": [106.0, 2203.5, 203.73469375862973, 40000.0]}, "5": {"agg_fitness": 2571.63469375863, "fitness": [106.0, 2203.5, 203.73469375862973, 35000.0]}, "6": {"agg_fitness": 2573.138381482296, "fitness": [105.0, 2203.5, 205.1383814822962, 35000.0]}, "7": {"agg_fitness": 2796.702839972941, "fitness": [96.0, 2210.5, 195.8028399729412, 80000.0]}, "8": {"agg_fitness": 2821.702839972941, "fitness": [96.0, 2210.5, 195.8028399729412, 85000.0]}, "9": {"agg_fitness": 2809.4764554513085, "fitness": [105.0, 2186.0, 208.9764554513086, 85000.0]}, "10": {"agg_fitness": 2821.6403818388403, "fitness": [96.0, 2210.5, 195.7403818388403, 85000.0]}, "11": {"agg_fitness": 2645.2475763143016, "fitness": [120.0, 2210.5, 21.747576314301696, 85000.0]}, "12": {"agg_fitness": 2615.6558686115804, "fitness": [137.0, 2180.5, 23.855868611580323, 85000.0]}, "13": {"agg_fitness": 2615.6558686115804, "fitness": [137.0, 2180.5, 23.855868611580323, 85000.0]}, "14": {"agg_fitness": 1725.7642049650735, "fitness": [434.0, 1102.2030531845044, 241.96115178056922, 85000.0]}, "15": {"agg_fitness": 1750.7633902295618, "fitness": [434.0, 1102.2030531845044, 241.96033704505754, 90000.0]}, "16": {"agg_fitness": 1847.3695722175387, "fitness": [421.0, 1202.5824472877996, 236.88712492973906, 90000.0]}, "17": {"agg_fitness": 1822.3695722175387, "fitness": [421.0, 1202.5824472877996, 236.88712492973906, 85000.0]}, "18": {"agg_fitness": 1514.8516157372464, "fitness": [441.0, 1074.2492172824045, 259.7023984548419, 45000.0]}, "19": {"agg_fitness": 1153.6762759813219, "fitness": [478.0, 848.4299535603715, 228.04632242095033, 25000.0]}, "20": {"agg_fitness": -53.3957222723551, "fitness": [3445.0, 12.613197978196572, 28.491079749448296, 50000.0]}, "21": {"agg_fitness": -59.620159320087566, "fitness": [3465.0, 11.331490537954497, 25.548350141957947, 50000.0]}, "22": {"agg_fitness": -59.5024471942354, "fitness": [3504.0, 12.610509942405516, 28.287042863359083, 50000.0]}, "23": {"agg_fitness": 2440.1956043457526, "fitness": [242.0, 2061.0, 178.3956043457526, 45000.0]}, "24": {"agg_fitness": -53.73583112727334, "fitness": [3402.0, 11.088037326651403, 25.376131546075307, 50000.0]}, "25": {"agg_fitness": 2269.5824178340026, "fitness": [116.0, 2212.5, 18.682417834002514, 10000.0]}, "26": {"agg_fitness": 1179.1334974702997, "fitness": [474.0, 877.5126482213439, 224.02084924895584, 25000.0]}, "27": {"agg_fitness": 2179.4580528147344, "fitness": [346.0, 1940.5, 148.55805281473428, 25000.0]}, "28": {"agg_fitness": 1857.0279221364126, "fitness": [375.0, 1519.7077338129495, 249.82018832346307, 25000.0]}, "29": {"agg_fitness": 1832.0279221364126, "fitness": [375.0, 1519.7077338129495, 249.82018832346307, 20000.0]}, "30": {"agg_fitness": 1496.6117422321502, "fitness": [435.0, 1100.9936513104346, 214.1180909217155, 45000.0]}, "31": {"agg_fitness": 1496.612816410945, "fitness": [435.0, 1100.9936513104346, 214.1191651005105, 45000.0]}, "32": {"agg_fitness": 1496.612816410945, "fitness": [435.0, 1100.9936513104346, 214.1191651005105, 45000.0]}, "33": {"agg_fitness": 1496.612816410945, "fitness": [435.0, 1100.9936513104346, 214.1191651005105, 45000.0]}, "34": {"agg_fitness": 1272.8703035655233, "fitness": [472.0, 885.8523507317705, 209.21795283375283, 45000.0]}, "35": {"agg_fitness": 2481.991541256383, "fitness": [283.0, 1994.0, 291.29154125638274, 45000.0]}, "36": {"agg_fitness": 2481.991541256383, "fitness": [283.0, 1994.0, 291.29154125638274, 45000.0]}, "37": {"agg_fitness": 2417.0103809688644, "fitness": [205.0, 2034.3657736468015, 303.1446073220627, 20000.0]}, "38": {"agg_fitness": 2421.3965659604946, "fitness": [205.0, 2036.1945812807883, 305.7019846797063, 20000.0]}, "39": {"agg_fitness": 2421.3965659604946, "fitness": [205.0, 2036.1945812807883, 305.7019846797063, 20000.0]}, "40": {"agg_fitness": 2669.0710530299057, "fitness": [101.0, 2217.0, 362.1710530299056, 20000.0]}, "41": {"agg_fitness": 2769.0710530299057, "fitness": [101.0, 2217.0, 362.1710530299056, 40000.0]}, "42": {"agg_fitness": 2769.0710530299057, "fitness": [101.0, 2217.0, 362.1710530299056, 40000.0]}, "43": {"agg_fitness": 2528.261192670921, "fitness": [118.0, 2190.0, 350.061192670921, 0.0]}, "44": {"agg_fitness": 2779.644122861877, "fitness": [102.0, 2237.5, 352.3441228618767, 40000.0]}, "45": {"agg_fitness": 2639.0837484476606, "fitness": [111.0, 2204.0, 346.18374844766026, 20000.0]}, "46": {"agg_fitness": 2561.866606619934, "fitness": [48.0, 2273.0, 193.6666066199339, 20000.0]}, "47": {"agg_fitness": 2437.1724715265614, "fitness": [48.0, 2248.0, 193.97247152656146, 0.0]}, "48": {"agg_fitness": 2437.1724715265614, "fitness": [48.0, 2248.0, 193.97247152656146, 0.0]}, "49": {"agg_fitness": 2437.1724715265614, "fitness": [48.0, 2248.0, 193.97247152656146, 0.0]}, "50": {"agg_fitness": 2437.138781368233, "fitness": [48.0, 2248.0, 193.93878136823324, 0.0]}, "51": {"agg_fitness": 2493.362218600098, "fitness": [48.0, 2279.5, 193.6622186000982, 5000.0]}, "52": {"agg_fitness": 2493.90023132342, "fitness": [47.0, 2275.0, 198.60023132341973, 5000.0]}, "53": {"agg_fitness": 2406.3021539977008, "fitness": [119.0, 2173.5, 219.702153997701, 5000.0]}, "54": {"agg_fitness": 2489.879749857042, "fitness": [23.0, 2275.0, 217.17974985704245, 0.0]}, "55": {"agg_fitness": 2489.879749857042, "fitness": [23.0, 2275.0, 217.17974985704245, 0.0]}, "56": {"agg_fitness": 2489.8917063787812, "fitness": [23.0, 2275.0, 217.1917063787816, 0.0]}, "57": {"agg_fitness": 2327.787976864893, "fitness": [10.0, 2314.0, 14.787976864893277, 0.0]}, "58": {"agg_fitness": 2381.1356988809166, "fitness": [14.0, 2341.5, 16.03569888091652, 5000.0]}, "59": {"agg_fitness": 2214.682661554957, "fitness": [147.0, 2175.5, 28.882661554957032, 5000.0]}, "60": {"agg_fitness": 2203.4480684667024, "fitness": [134.0, 2191.0, 25.84806846670236, 0.0]}, "61": {"agg_fitness": 2228.4480684667024, "fitness": [134.0, 2191.0, 25.84806846670236, 5000.0]}, "62": {"agg_fitness": 2226.2816887612394, "fitness": [134.0, 2191.0, 23.6816887612396, 5000.0]}, "63": {"agg_fitness": 2226.1410933034476, "fitness": [134.0, 2191.0, 23.54109330344771, 5000.0]}, "64": {"agg_fitness": 2410.44964190609, "fitness": [109.0, 2191.0, 205.34964190609045, 5000.0]}, "65": {"agg_fitness": 2208.1978863910817, "fitness": [149.0, 2173.5, 24.597886391081687, 5000.0]}, "66": {"agg_fitness": 2233.1978863910817, "fitness": [149.0, 2173.5, 24.597886391081687, 10000.0]}, "67": {"agg_fitness": 2208.1865095657213, "fitness": [149.0, 2173.5, 24.586509565721467, 5000.0]}, "68": {"agg_fitness": 2201.055541455727, "fitness": [135.0, 2191.0, 23.55554145572711, 0.0]}, "69": {"agg_fitness": 2202.390024819662, "fitness": [135.0, 2191.0, 24.890024819662006, 0.0]}, "70": {"agg_fitness": 2203.043132531427, "fitness": [134.0, 2191.0, 25.44313253142701, 0.0]}, "71": {"agg_fitness": 2203.0795690084997, "fitness": [134.0, 2191.0, 25.479569008499627, 0.0]}, "72": {"agg_fitness": 2203.8148172495694, "fitness": [134.0, 2191.0, 26.21481724956925, 0.0]}, "73": {"agg_fitness": 2444.8982789703678, "fitness": [68.0, 2248.5, 203.19827897036802, 0.0]}, "74": {"agg_fitness": 2438.7931561495543, "fitness": [68.0, 2251.5, 194.0931561495545, 0.0]}, "75": {"agg_fitness": 2437.8892147088427, "fitness": [68.0, 2249.5, 195.1892147088428, 0.0]}, "76": {"agg_fitness": 2312.8780626226303, "fitness": [21.0, 2290.5, 24.478062622630162, 0.0]}, "77": {"agg_fitness": 2481.6080093356704, "fitness": [113.0, 2208.0, 284.9080093356705, 0.0]}, "78": {"agg_fitness": 2433.9890595158768, "fitness": [16.0, 2308.0, 27.589059515876727, 20000.0]},