{"00": {"-1": {"agg_fitness": 100062.6, "fitness": [-2500.0, 100.0, 100000.0], "time_stamp": 0.0072981000412255526}, "0": {"agg_fitness": 114.33062514865725, "fitness": [224.0, 40000.0, 79.93062514865724], "time_stamp": 1.494923299876973}, "1": {"agg_fitness": 109.52118296986202, "fitness": [235.0, 45000.0, 70.39618296986202], "time_stamp": 2.919273699866608}, "2": {"agg_fitness": 171.10797154044445, "fitness": [195.0, 85000.0, 90.98297154044445], "time_stamp": 4.189756699837744}, "3": {"agg_fitness": 162.71045294981036, "fitness": [198.0, 85000.0, 82.66045294981038], "time_stamp": 5.769854899961501}}}