{
  "00": {
    "0": {
      "agg_fitness": 860.1862826844811,
      "fitness": [714.0, 472.305681960506, 459.2806007239751, 0.0],
      "time_stamp": 5.737914800061844
    },
    "1": {
      "agg_fitness": 1519.841433344709,
      "fitness": [105.0, 1325.0755049478107, 205.2659283968983, 0.0],
      "time_stamp": 8.56680300005246
    },
    "2": {
      "agg_fitness": 1633.8436379739178,
      "fitness": [107.0, 1231.7029882967845, 212.84064967713326, 40000.0],
      "time_stamp": 11.764460399979725
    },
    "3": {
      "agg_fitness": 1633.8436379739178,
      "fitness": [107.0, 1231.7029882967845, 212.84064967713326, 40000.0],
      "time_stamp": 15.389948399970308
    },
    "4": {
      "agg_fitness": 1687.4015832066236,
      "fitness": [107.0, 1310.2609335294903, 212.84064967713326, 35000.0],
      "time_stamp": 18.176423100056127
    },
    "5": {
      "agg_fitness": 2553.0134919462685,
      "fitness": [106.0, 2175.867779906926, 212.74571203934246, 35000.0],
      "time_stamp": 20.10408050008118
    },
    "6": {
      "agg_fitness": 2553.0134919462685,
      "fitness": [106.0, 2175.867779906926, 212.74571203934246, 35000.0],
      "time_stamp": 20.107780699967407
    },
    "7": {
      "agg_fitness": 2795.862025657187,
      "fitness": [95.0, 2197.375859224636, 207.9861664325512, 80000.0],
      "time_stamp": 22.31214210006874
    },
    "8": {
      "agg_fitness": 2820.862025657187,
      "fitness": [95.0, 2197.375859224636, 207.9861664325512, 85000.0],
      "time_stamp": 24.540753600071184
    },
    "9": {
      "agg_fitness": 2513.018397623585,
      "fitness": [102.0, 1882.2001819836214, 216.01821563996364, 85000.0],
      "time_stamp": 26.977843399974518
    },
    "10": {
      "agg_fitness": 2807.494245985881,
      "fitness": [101.0, 2178.0510231923604, 214.54322279352053, 85000.0],
      "time_stamp": 29.59440100006759
    },
    "11": {
      "agg_fitness": 2795.862025657187,
      "fitness": [95.0, 2197.375859224636, 207.9861664325512, 80000.0],
      "time_stamp": 29.59778189996723
    },
    "12": {
      "agg_fitness": 2632.0786561834457,
      "fitness": [123.0, 2197.375859224636, 22.00279695881019, 85000.0],
      "time_stamp": 31.86564900004305
    }
  }
}
