{"00": {"0": {"agg_fitness": 860.1862826844811, "fitness": [714.0, 472.305681960506, 459.2806007239751, 0.0]}, "1": {"agg_fitness": 1519.841433344709, "fitness": [105.0, 1325.0755049478107, 205.2659283968983, 0.0]}, "2": {"agg_fitness": 1633.8436379739178, "fitness": [107.0, 1231.7029882967845, 212.84064967713326, 40000.0]}, "3": {"agg_fitness": 1633.8436379739178, "fitness": [107.0, 1231.7029882967845, 212.84064967713326, 40000.0]}, "4": {"agg_fitness": 1687.4015832066236, "fitness": [107.0, 1310.2609335294903, 212.84064967713326, 35000.0]}, "5": {"agg_fitness": 2553.0134919462685, "fitness": [106.0, 2175.867779906926, 212.74571203934246, 35000.0]}, "6": {"agg_fitness": 2553.0134919462685, "fitness": [106.0, 2175.867779906926, 212.74571203934246, 35000.0]}, "7": {"agg_fitness": 2795.862025657187, "fitness": [95.0, 2197.375859224636, 207.9861664325512, 80000.0]}, "8": {"agg_fitness": 2820.862025657187, "fitness": [95.0, 2197.375859224636, 207.9861664325512, 85000.0]}, "9": {"agg_fitness": 2513.018397623585, "fitness": [102.0, 1882.2001819836214, 216.01821563996364, 85000.0]}, "10": {"agg_fitness": 2807.494245985881, "fitness": [101.0, 2178.0510231923604, 214.54322279352053, 85000.0]}, "11": {"agg_fitness": 2795.862025657187, "fitness": [95.0, 2197.375859224636, 207.9861664325512, 80000.0]}, "12": {"agg_fitness": 2632.0786561834457, "fitness": [123.0, 2197.375859224636, 22.00279695881019, 85000.0]}, "13": {"agg_fitness": 2603.5299784890485, "fitness": [137.0, 2167.8174518201286, 24.412526668919817, 85000.0]}, "14": {"agg_fitness": 2603.5299784890485, "fitness": [137.0, 2167.8174518201286, 24.412526668919817, 85000.0]}, "15": {"agg_fitness": 1272.2062308238317, "fitness": [938.0, 436.9546964472144, 504.05153437661727, 85000.0]}, "16": {"agg_fitness": 1284.928056419902, "fitness": [1112.0, 413.91327085382903, 532.214785566073, 90000.0]}, "17": {"agg_fitness": 1314.4127016745483, "fitness": [414.0, 666.298063229849, 239.51463844469924, 90000.0]}, "18": {"agg_fitness": 1292.1283599742667, "fitness": [414.0, 669.0137215295674, 239.51463844469924, 85000.0]}, "19": {"agg_fitness": 1051.1851630255699, "fitness": [768.0, 462.6808822946007, 440.3042807309692, 45000.0]}, "20": {"agg_fitness": 1116.613768706428, "fitness": [738.0, 469.0944577122622, 396.31931099416556, 65000.0]}, "21": {"agg_fitness": 1240.605252435251, "fitness": [786.0, 479.1407869049407, 415.06446553031043, 85000.0]}, "22": {"agg_fitness": 1353.0203128000137, "fitness": [646.0, 533.726287978864, 458.8940248211498, 85000.0]}, "23": {"agg_fitness": 1353.0203128000137, "fitness": [646.0, 533.726287978864, 458.8940248211498, 85000.0]}, "24": {"agg_fitness": 2176.5795956813954, "fitness": [47.0, 1731.162434580345, 200.1171611010503, 50000.0]}, "25": {"agg_fitness": 1385.9997861302963, "fitness": [694.0, 510.14905347572966, 520.2507326545666, 85000.0]}, "26": {"agg_fitness": 2152.9938635506865, "fitness": [2633.0, 546.8744733277155, 1444.419390222971, 85000.0]}}}