{"00": {"10e483d2-a1c7-11ed-89bb-86d241e2ee3e": {"agg_fitness": -1668.784005574934, "fitness": [550.0, 1642.534005574934, 40000.0], "time_stamp": 244.61910429992713}, "10e483d3-a1c7-11ed-91b8-86d241e2ee3e": {"agg_fitness": -2304.8445284469503, "fitness": [3.0000000000000004, 2264.91952844695, 40000.0], "time_stamp": 244.62547399988398}, "10e483d4-a1c7-11ed-8b2c-86d241e2ee3e": {"agg_fitness": -1064.4488843651332, "fitness": [1460.9999999999998, 1085.9738843651332, 15000.0], "time_stamp": 244.63159559993073}, "10e6e302-a1c7-11ed-beee-86d241e2ee3e": {"agg_fitness": -408.80335766700523, "fitness": [2820.0, 389.30335766700523, 90000.0], "time_stamp": 244.63935269997455}, "10e6e303-a1c7-11ed-8664-86d241e2ee3e": {"agg_fitness": -302.3384916756832, "fitness": [3035.0, 283.2134916756832, 95000.0], "time_stamp": 244.6481999999378}, "10e9452e-a1c7-11ed-8752-86d241e2ee3e": {"agg_fitness": -805.734565700996, "fitness": [2039.0, 826.709565700996, 30000.0], "time_stamp": 244.65557929989882}, "10eafbbc-a1c7-11ed-b8bf-86d241e2ee3e": {"agg_fitness": -27.543966003083085, "fitness": [3327.0000000000005, 15.718966003083095, 95000.0], "time_stamp": 244.66372419986874}, "10ebbf99-a1c7-11ed-b3f5-86d241e2ee3e": {"agg_fitness": -377.84402754463605, "fitness": [2736.9999999999995, 356.26902754463606, 90000.0], "time_stamp": 244.70995179982856}, "10f31156-a1c7-11ed-998a-86d241e2ee3e": {"agg_fitness": -899.1173729899417, "fitness": [1821.0000000000002, 909.6423729899417, 35000.0], "time_stamp": 244.71509870002046}, "10f31157-a1c7-11ed-a2d1-86d241e2ee3e": {"agg_fitness": -300.5272156573117, "fitness": [2835.0, 271.4022156573117, 100000.0], "time_stamp": 244.72073739999905}, "10f31158-a1c7-11ed-a8e3-86d241e2ee3e": {"agg_fitness": -988.1867186183656, "fitness": [2031.0000000000002, 963.9617186183656, 75000.0], "time_stamp": 244.7263215999119}, "10f53f35-a1c7-11ed-a618-86d241e2ee3e": {"agg_fitness": -2221.0464827349842, "fitness": [0.0, 2146.0464827349842, 75000.0], "time_stamp": 244.76564250001684}, "10fbd6b2-a1c7-11ed-91a3-86d241e2ee3e": {"agg_fitness": -435.64101483278324, "fitness": [2658.0, 417.09101483278323, 85000.0], "time_stamp": 244.7730111000128}, "10fc7358-a1c7-11ed-9b46-86d241e2ee3e": {"agg_fitness": -420.24118069982853, "fitness": [2645.0, 396.36618069982853, 90000.0], "time_stamp": 244.77960849995725}, "10fc7359-a1c7-11ed-975c-86d241e2ee3e": {"agg_fitness": -12.689613440114528, "fitness": [3334.0, 21.039613440114536, 75000.0], "time_stamp": 244.78602769994177}, "10fed643-a1c7-11ed-83f5-86d241e2ee3e": {"agg_fitness": -1728.7551755623806, "fitness": [440.0, 1659.7551755623806, 80000.0], "time_stamp": 244.79273909982294}}, "0": {"10fed643-a1c7-11ed-83f5-86d241e2ee3e": {"agg_fitness": -1728.7551755623806, "fitness": [440.0, 1659.7551755623806, 80000.0], "time_stamp": 389.7843055999838}, "10f31157-a1c7-11ed-a2d1-86d241e2ee3e": {"agg_fitness": -300.5272156573117, "fitness": [2835.0, 271.4022156573117, 100000.0], "time_stamp": 389.71523820003495}, "10e9452e-a1c7-11ed-8752-86d241e2ee3e": {"agg_fitness": -805.734565700996, "fitness": [2039.0, 826.709565700996, 30000.0], "time_stamp": 389.7224326999858}, "10ebbf99-a1c7-11ed-b3f5-86d241e2ee3e": {"agg_fitness": -377.84402754463605, "fitness": [2736.9999999999995, 356.26902754463606, 90000.0], "time_stamp": 389.72930849995464}, "10e483d2-a1c7-11ed-89bb-86d241e2ee3e": {"agg_fitness": -1668.784005574934, "fitness": [550.0, 1642.534005574934, 40000.0], "time_stamp": 389.7344760999549}, "10f31156-a1c7-11ed-998a-86d241e2ee3e": {"agg_fitness": -899.1173729899417, "fitness": [1821.0000000000002, 909.6423729899417, 35000.0], "time_stamp": 389.7780931999441}, "10eafbbc-a1c7-11ed-b8bf-86d241e2ee3e": {"agg_fitness": -27.543966003083085, "fitness": [3327.0000000000005, 15.718966003083095, 95000.0], "time_stamp": 389.79042820003815}, "676c1b5e-a1c7-11ed-b6ab-86d241e2ee3e": {"agg_fitness": -102600.0, "fitness": [-100000.0, 100000.0, 100000.0], "time_stamp": 389.7969033999834}, "676d547c-a1c7-11ed-8b63-86d241e2ee3e": {"agg_fitness": -428.2100759798836, "fitness": [2680.0, 415.2100759798836, 80000.0], "time_stamp": 389.805507699959}, "676e8cd6-a1c7-11ed-91f9-86d241e2ee3e": {"agg_fitness": -2304.8445284469503, "fitness": [3.0000000000000004, 2264.91952844695, 40000.0], "time_stamp": 389.8101600999944}, "676fc56a-a1c7-11ed-8799-86d241e2ee3e": {"agg_fitness": -12.689613440114528, "fitness": [3334.0, 21.039613440114536, 75000.0], "time_stamp": 389.8153063999489}, "10f53f35-a1c7-11ed-a618-86d241e2ee3e": {"agg_fitness": -2221.0464827349842, "fitness": [0.0, 2146.0464827349842, 75000.0], "time_stamp": 389.8364998998586}, "10e483d4-a1c7-11ed-8b2c-86d241e2ee3e": {"agg_fitness": -1064.4488843651332, "fitness": [1460.9999999999998, 1085.9738843651332, 15000.0], "time_stamp": 389.84097729995847}, "10e6e303-a1c7-11ed-8664-86d241e2ee3e": {"agg_fitness": -302.3384916756832, "fitness": [3035.0, 283.2134916756832, 95000.0], "time_stamp": 389.8463412998244}, "6774a764-a1c7-11ed-88b3-86d241e2ee3e": {"agg_fitness": -893.6173729899417, "fitness": [2041.0000000000002, 909.6423729899417, 35000.0], "time_stamp": 389.8534403999802}}, "1": {"9f7faa59-a1c7-11ed-a58a-86d241e2ee3e": {"agg_fitness": -363.32564952048824, "fitness": [2798.0, 373.27564952048823, 60000.0], "time_stamp": 483.8722781999968}, "6774a764-a1c7-11ed-88b3-86d241e2ee3e": {"agg_fitness": -893.6173729899417, "fitness": [2041.0000000000002, 909.6423729899417, 35000.0], "time_stamp": 483.9153954000212}, "10e483d4-a1c7-11ed-8b2c-86d241e2ee3e": {"agg_fitness": -1064.4488843651332, "fitness": [1460.9999999999998, 1085.9738843651332, 15000.0], "time_stamp": 483.8851355998777}, "10f31156-a1c7-11ed-998a-86d241e2ee3e": {"agg_fitness": -899.1173729899417, "fitness": [1821.0000000000002, 909.6423729899417, 35000.0], "time_stamp": 483.97111739986576}, "10eafbbc-a1c7-11ed-b8bf-86d241e2ee3e": {"agg_fitness": -27.543966003083085, "fitness": [3327.0000000000005, 15.718966003083095, 95000.0], "time_stamp": 483.9413882000372}, "9f86e0ac-a1c7-11ed-92b2-86d241e2ee3e": {"agg_fitness": -929.2640714303541, "fitness": [2034.0, 935.1140714303541, 45000.0], "time_stamp": 483.9224637998268}, "9f8943b8-a1c7-11ed-b138-86d241e2ee3e": {"agg_fitness": -102600.0, "fitness": [-100000.0, 100000.0, 100000.0], "time_stamp": 483.9350520998705}, "10f31157-a1c7-11ed-a2d1-86d241e2ee3e": {"agg_fitness": -300.5272156573117, "fitness": [2835.0, 271.4022156573117, 100000.0], "time_stamp": 483.96411759988405}, "10f31158-a1c7-11ed-a8e3-86d241e2ee3e": {"agg_fitness": -988.1867186183656, "fitness": [2031.0000000000002, 963.9617186183656, 75000.0], "time_stamp": 483.9582458999939}, "10e6e303-a1c7-11ed-8664-86d241e2ee3e": {"agg_fitness": -302.3384916756832, "fitness": [3035.0, 283.2134916756832, 95000.0], "time_stamp": 483.978047600016}}, "2": {"10eafbbc-a1c7-11ed-b8bf-86d241e2ee3e": {"agg_fitness": -27.543966003083085, "fitness": [3327.0000000000005, 15.718966003083095, 95000.0], "time_stamp": 490.1926867000293}, "6774a764-a1c7-11ed-88b3-86d241e2ee3e": {"agg_fitness": -893.6173729899417, "fitness": [2041.0000000000002, 909.6423729899417, 35000.0], "time_stamp": 490.2058065000456}, "10e9452e-a1c7-11ed-8752-86d241e2ee3e": {"agg_fitness": -805.734565700996, "fitness": [2039.0, 826.709565700996, 30000.0], "time_stamp": 490.1369476998225}, "10e483d4-a1c7-11ed-8b2c-86d241e2ee3e": {"agg_fitness": -1064.4488843651332, "fitness": [1460.9999999999998, 1085.9738843651332, 15000.0], "time_stamp": 490.2235748998355}, "676fc56a-a1c7-11ed-8799-86d241e2ee3e": {"agg_fitness": -12.689613440114528, "fitness": [3334.0, 21.039613440114536, 75000.0], "time_stamp": 490.12995159998536}, "10fc7359-a1c7-11ed-975c-86d241e2ee3e": {"agg_fitness": -12.689613440114528, "fitness": [3334.0, 21.039613440114536, 75000.0], "time_stamp": 490.1758554999251}, "a3462fdf-a1c7-11ed-ab57-86d241e2ee3e": {"agg_fitness": -102600.0, "fitness": [-100000.0, 100000.0, 100000.0], "time_stamp": 490.2164616000373}}, "3": {"10eafbbc-a1c7-11ed-b8bf-86d241e2ee3e": {"agg_fitness": -27.543966003083085,