{"00": {"e812c1a6-d44b-11ed-bcf5-a670a3eb8803": {"agg_fitness": -176.97712092340174, "fitness": [7.0, 50000.0, 127.15212092340172], "time_stamp": 6.460163999989163}, "e812c1a7-d44b-11ed-b385-a670a3eb8803": {"agg_fitness": -149.54238589894243, "fitness": [126.00000000000001, 100000.0, 52.69238589894242], "time_stamp": 6.465700999950059}, "e8152513-d44b-11ed-be34-a670a3eb8803": {"agg_fitness": -131.16398988238802, "fitness": [115.0, 75000.0, 59.038989882388016], "time_stamp": 6.470753499947023}, "e8152514-d44b-11ed-affd-a670a3eb8803": {"agg_fitness": -142.17720916541253, "fitness": [88.0, 70000.0, 74.37720916541252], "time_stamp": 6.476086699985899}, "e8152515-d44b-11ed-a5d1-a670a3eb8803": {"agg_fitness": -165.9642478982281, "fitness": [9.0, 45000.0, 121.18924789822812], "time_stamp": 6.4808728999923915}, "e8178720-d44b-11ed-9932-a670a3eb8803": {"agg_fitness": -94.37049615639296, "fitness": [76.0, 20000.0, 76.27049615639297], "time_stamp": 6.485672099981457}, "e8178721-d44b-11ed-aa02-a670a3eb8803": {"agg_fitness": -156.34106872837998, "fitness": [111.00000000000001, 85000.0, 74.11606872837997], "time_stamp": 6.490276399999857}, "e8178722-d44b-11ed-9bec-a670a3eb8803": {"agg_fitness": -181.95609591354273, "fitness": [0.0, 35000.0, 146.95609591354273], "time_stamp": 6.494144900003448}}, "0": {"e8178720-d44b-11ed-9932-a670a3eb8803": {"agg_fitness": -94.37049615639296, "fitness": [76.0, 20000.0, 76.27049615639297], "time_stamp": 7.326918899954762}, "e8178721-d44b-11ed-aa02-a670a3eb8803": {"agg_fitness": -156.34106872837998, "fitness": [111.00000000000001, 85000.0, 74.11606872837997], "time_stamp": 7.35670249996474}, "e8152515-d44b-11ed-a5d1-a670a3eb8803": {"agg_fitness": -165.9642478982281, "fitness": [9.0, 45000.0, 121.18924789822812], "time_stamp": 7.336767999979202}, "e8178722-d44b-11ed-9bec-a670a3eb8803": {"agg_fitness": -181.95609591354273, "fitness": [0.0, 35000.0, 146.95609591354273], "time_stamp": 7.340818899974693}, "e812c1a6-d44b-11ed-bcf5-a670a3eb8803": {"agg_fitness": -176.97712092340174, "fitness": [7.0, 50000.0, 127.15212092340172], "time_stamp": 7.344662699964829}, "e812c1a7-d44b-11ed-b385-a670a3eb8803": {"agg_fitness": -149.54238589894243, "fitness": [126.00000000000001, 100000.0, 52.69238589894242], "time_stamp": 7.348873599956278}, "e89bc618-d44b-11ed-9096-a670a3eb8803": {"agg_fitness": -156.6563466931342, "fitness": [87.0, 65000.0, 93.8313466931342], "time_stamp": 7.3527571999584325}}, "1": {"e8178720-d44b-11ed-9932-a670a3eb8803": {"agg_fitness": -94.37049615639296, "fitness": [76.0, 20000.0, 76.27049615639297], "time_stamp": 8.323381699970923}, "e812c1a7-d44b-11ed-b385-a670a3eb8803": {"agg_fitness": -149.54238589894243, "fitness": [126.00000000000001, 100000.0, 52.69238589894242], "time_stamp": 8.235816299973521}, "e923601c-d44b-11ed-98a0-a670a3eb8803": {"agg_fitness": -158.02665699838045, "fitness": [100.0, 85000.0, 75.52665699838045], "time_stamp": 8.280464599956758}, "e9299783-d44b-11ed-a502-a670a3eb8803": {"agg_fitness": -164.74558559146266, "fitness": [63.00000000000001, 75000.0, 91.32058559146267], "time_stamp": 8.29351739998674}, "e8178721-d44b-11ed-aa02-a670a3eb8803": {"agg_fitness": -156.34106872837998, "fitness": [111.00000000000001, 85000.0, 74.11606872837997], "time_stamp": 8.30535769998096}, "e8152513-d44b-11ed-be34-a670a3eb8803": {"agg_fitness": -131.16398988238802, "fitness": [115.0, 75000.0, 59.038989882388016], "time_stamp": 8.313554199994542}, "e92cec76-d44b-11ed-89a9-a670a3eb8803": {"agg_fitness": -149.54238589894243, "fitness": [126.00000000000001, 100000.0, 52.69238589894242], "time_stamp": 8.319269299972802}}, "2": {"e9e243dd-d44b-11ed-ba03-a670a3eb8803": {"agg_fitness": -94.37049615639296, "fitness": [76.0, 20000.0, 76.27049615639297], "time_stamp": 9.492611299967393}, "e92cec76-d44b-11ed-89a9-a670a3eb8803": {"agg_fitness": -149.54238589894243, "fitness": [126.00000000000001, 100000.0, 52.69238589894242], "time_stamp": 9.498031599971}, "e89bc618-d44b-11ed-9096-a670a3eb8803": {"agg_fitness": -156.6563466931342, "fitness": [87.0, 65000.0, 93.8313466931342], "time_stamp": 9.503128699958324}, "e812c1a7-d44b-11ed-b385-a670a3eb8803": {"agg_fitness": -149.54238589894243, "fitness": [126.00000000000001, 100000.0, 52.69238589894242], "time_stamp": 9.507629300002009}, "e9e4c216-d44b-11ed-a30a-a670a3eb8803": {"agg_fitness": -156.40829237218884, "fitness": [73.0, 65000.0, 93.23329237218883], "time_stamp": 9.512243599980138}, "e8178720-d44b-11ed-9932-a670a3eb8803": {"agg_fitness": -94.37049615639296, "fitness": [76.0, 20000.0, 76.27049615639297], "time_stamp": 9.516391399956774}, "e9e5eafc-d44b-11ed-b47d-a670a3eb8803": {"agg_fitness": -109.6824758941944, "fitness": [76.0, 35000.0, 76.58247589419439], "time_stamp": 9.520906899997499}, "e9e723c5-d44b-11ed-905f-a670a3eb8803": {"agg_fitness": -133.14064481123688, "fitness": [83.0, 55000.0, 80.21564481123687], "time_stamp": 9.52494699996896}}, "3": {"e9e723c5-d44b-11ed-905f-a670a3eb8803": {"agg_fitness": -133.14064481123688, "fitness": [83.0, 55000.0, 80.21564481123687], "time_stamp": 10.446997399965767}, "e812c1a7-d44b-11ed-b385-a670a3eb8803": {"agg_fitness": -149.54238589894243, "fitness": [126.00000000000001, 100000.0, 52.69238589894242], "time_stamp": 10.478560899966396}, "e8178720-d44b-11ed-9932-a670a3eb8803": {"agg_fitness": -94.37049615639296, "fitness": [76.0, 20000.0, 76.27049615639297], "time_stamp": 10.45728189998772}, "ea753d42-d44b-11ed-bcdd-a670a3eb8803": {"agg_fitness": -156.6563466931342, "fitness": [87.0, 65000.0, 93.8313466931342], "time_stamp": 10.461719999962952}, "e8152514-d44b-11ed-affd-a670a3eb8803": {"agg_fitness": -142.17720916541253, "fitness": [88.0, 70000.0, 74.37720916541252], "time_stamp": 10.466327999951318}, "e89bc618-d44b-11ed-9096-a670a3eb8803": {"agg_fitness": -156.6563466931342, "fitness": [87.0, 65000.0, 93.8313466931342], "time_stamp": 10.470302799949422}}, "4": {"e89bc618-d44b-11ed-9096-a670a3eb8803": {"agg_fitness": -156.6563466931342, "fitness": [87.0, 65000.0, 93.8313466931342], "time_stamp": 10.52968300000066}, "e8178720-d44b-11ed-9932-a670a3eb8803": {"agg_fitness": -94.37049615639296, "fitness": [76.0, 20000.0, 76.27049615639297], "time_stamp": 10.520776699995622}, "e8152513-d44b-11ed-be34-a670a3eb8803": {"agg_fitness": -131.16398988238802, "fitness": [115.0, 75000.0, 59.038989882388016], "time_stamp": 10.525688599969726}, "e812c1a7-d44b-11ed-b385-a670a3eb8803": {"agg_fitness": -149.54238589894243, "fitness": [126.00000000000001, 100000.0, 52.69238589894242], "time_stamp": 10.544875799969304}, "ea83554e-d44b-11ed-a8a8-a670a3eb8803": {"agg_fitness": -100062.6, "fitness": [-2500.0, 100.0, 100000.0], "time_stamp": 10.54874109994853}}, "5": {"e812c1a7-d44b-11ed-b385-a670a3eb8803": {"agg_fitness": -149.54238589894243, "fitness": [126.00000000000001, 100000.0, 52.69238589894242], "time_stamp": 10.620095899968874}, "e9e723c5-d44b-11ed-905f-a670a3eb8803": {"agg_fitness": -133.14064481123688, "fitness": [83.0, 55000.0, 80.21564481123687], "time_stamp": 10.587088699976448}, "e8178720-d44b-11ed-9932-a670a3eb8803": {"agg_fitness": -94.37049615639296, "fitness": [76.0, 20000.0, 76.27049615639297], "time_stamp": 10.593098999990616}, "ea83554e-d44b-11ed-a8a8-a670a3eb8803": {"agg_fitness": -100062.6, "fitness": [-2500.0, 100.0, 100000.0], "time_stamp": 10.60208139999304}, "ea8d18ce-d44b-11ed-8df6-a670a3eb8803": {"agg_fitness": -100062.6, "fitness": [-2500.0, 100.0, 100000.0], "time_stamp": 10.614854499988724}}, "6": {"e8178720-d44b-11ed-9932-a670a3eb8803": {"agg_fitness": -94.37049615639296, "fitness": [76.0, 20000.0, 76.27049615639297], "time_stamp": 11.296929199947044}, "ea83554e-d44b-11ed-a8a8-a670a3eb8803": {"agg_fitness": -100062.6, "fitness": [-2500.0, 100.0, 100000.0], "time_stamp": 11.301922799961176}, "ea8d18ce-d44b-11ed-8df6-a670a3eb8803": {"agg_fitness": -100062.6, "fitness": [-2500.0, 100.0, 100000.0], "time_stamp": 11.30741189996479}, "e812c1a7-d44b-11ed-b385-a670a3eb8803": {"agg_fitness": -149.54238589894243,