{
  "0": {
    "a5195e21-d458-11ed-bcf5-a670a3eb8803": {
      "agg_fitness": -176.97712092340174,
      "fitness": [7.0, 50000.0, 127.15212092340172],
      "time_stamp": 6.617750400037039
    },
    "a521d6f6-d458-11ed-b385-a670a3eb8803": {
      "agg_fitness": -149.54238589894243,
      "fitness": [126.00000000000001, 100000.0, 52.69238589894242],
      "time_stamp": 6.629188799997792
    },
    "a522fc57-d458-11ed-be34-a670a3eb8803": {
      "agg_fitness": -131.16398988238802,
      "fitness": [115.0, 75000.0, 59.038989882388016],
      "time_stamp": 6.636014200048521
    },
    "a522fc58-d458-11ed-affd-a670a3eb8803": {
      "agg_fitness": -142.17720916541253,
      "fitness": [88.0, 70000.0, 74.37720916541252],
      "time_stamp": 6.642283900000621
    },
    "a52562b3-d458-11ed-a5d1-a670a3eb8803": {
      "agg_fitness": -165.9642478982281,
      "fitness": [9.0, 45000.0, 121.18924789822812],
      "time_stamp": 6.6469140000408515
    },
    "a52562b4-d458-11ed-9932-a670a3eb8803": {
      "agg_fitness": -94.37049615639296,
      "fitness": [76.0, 20000.0, 76.27049615639297],
      "time_stamp": 6.651208100025542
    },
    "a52562b5-d458-11ed-aa02-a670a3eb8803": {
      "agg_fitness": -156.34106872837998,
      "fitness": [111.00000000000001, 85000.0, 74.11606872837997],
      "time_stamp": 6.656163700041361
    },
    "a527c4bd-d458-11ed-9bec-a670a3eb8803": {
      "agg_fitness": -181.95609591354273,
      "fitness": [0.0, 35000.0, 146.95609591354273],
      "time_stamp": 6.6605653000297025
    }
  },
  "1": {
    "a52562b4-d458-11ed-9932-a670a3eb8803": {
      "agg_fitness": -94.37049615639296,
      "fitness": [76.0, 20000.0, 76.27049615639297],
      "time_stamp": 7.560976100037806
    },
    "a52562b5-d458-11ed-aa02-a670a3eb8803": {
      "agg_fitness": -156.34106872837998,
      "fitness": [111.00000000000001, 85000.0, 74.11606872837997],
      "time_stamp": 7.644331800052896
    },
    "a52562b3-d458-11ed-a5d1-a670a3eb8803": {
      "agg_fitness": -165.9642478982281,
      "fitness": [9.0, 45000.0, 121.18924789822812],
      "time_stamp": 7.611208999995142
    },
    "a527c4bd-d458-11ed-9bec-a670a3eb8803": {
      "agg_fitness": -181.95609591354273,
      "fitness": [0.0, 35000.0, 146.95609591354273],
      "time_stamp": 7.620510500040837
    },
    "a5195e21-d458-11ed-bcf5-a670a3eb8803": {
      "agg_fitness": -176.97712092340174,
      "fitness": [7.0, 50000.0, 127.15212092340172],
      "time_stamp": 7.626346800010651
    },
    "a521d6f6-d458-11ed-b385-a670a3eb8803": {
      "agg_fitness": -149.54238589894243,
      "fitness": [126.00000000000001, 100000.0, 52.69238589894242],
      "time_stamp": 7.633385299996007
    },
    "a5bd0347-d458-11ed-9096-a670a3eb8803": {
      "agg_fitness": -156.6563466931342,
      "fitness": [87.0, 65000.0, 93.8313466931342],
      "time_stamp": 7.639243400015403
    }
  },
  "2": {
    "a52562b4-d458-11ed-9932-a670a3eb8803": {
      "agg_fitness": -94.37049615639296,
      "fitness": [76.0, 20000.0, 76.27049615639297],
      "time_stamp": 8.781285000033677
    },
    "a521d6f6-d458-11ed-b385-a670a3eb8803": {
      "agg_fitness": -149.54238589894243,
      "fitness": [126.00000000000001, 100000.0, 52.69238589894242],
      "time_stamp": 8.671900900022592
    },
    "a65b2ccc-d458-11ed-98a0-a670a3eb8803": {
      "agg_fitness": -158.02665699838045,
      "fitness": [100.0, 85000.0, 75.52665699838045],
      "time_stamp": 8.677525000006426
    },
    "a65c6531-d458-11ed-a502-a670a3eb8803": {
      "agg_fitness": -164.74558559146266,
      "fitness": [63.00000000000001, 75000.0, 91.32058559146267],
      "time_stamp": 8.72503290005261
    },
    "a52562b5-d458-11ed-aa02-a670a3eb8803": {
      "agg_fitness": -156.34106872837998,
      "fitness": [111.00000000000001, 85000.0, 74.11606872837997],
      "time_stamp": 8.741339200001676
    },
    "a522fc57-d458-11ed-be34-a670a3eb8803": {
      "agg_fitness": -131.16398988238802,
      "fitness": [115.0, 75000.0, 59.038989882388016],
      "time_stamp": 8.755382300005294
    },
    "a667d8db-d458-11ed-89a9-a670a3eb8803": {
      "agg_fitness": -149.54238589894243,
      "fitness": [126.00000000000001, 100000.0, 52.69238589894242],
      "time_stamp": 8.770345400029328
    }
  },
  "3": {
    "a7480f4e-d458-11ed-ba03-a670a3eb8803": {
      "agg_fitness": -94.37049615639296,
      "fitness": [76.0, 20000.0, 76.27049615639297],
      "time_stamp": 10.266243100049905
    },
    "a667d8db-d458-11ed-89a9-a670a3eb8803": {
      "agg_fitness": -149.54238589894243,
      "fitness": [126.00000000000001, 100000.0, 52.69238589894242],
      "time_stamp": 10.276877299998887
    },
    "a5bd0347-d458-11ed-9096-a670a3eb8803": {
      "agg_fitness": -156.6563466931342,
      "fitness": [87.0, 65000.0, 93.8313466931342],
      "time_stamp": 10.283156300021801
    },
    "a521d6f6-d458-11ed-b385-a670a3eb8803": {
      "agg_fitness": -149.54238589894243,
      "fitness": [126.00000000000001, 100000.0, 52.69238589894242],
      "time_stamp": 10.2891572000226
    },
    "a7520f73-d458-11ed-a30a-a670a3eb8803": {
      "agg_fitness": -156.40829237218884,
      "fitness": [73.0, 65000.0, 93.23329237218883],
      "time_stamp": 10.29529320000438
    },
    "a52562b4-d458-11ed-9932-a670a3eb8803": {
      "agg_fitness": -94.37049615639296,
      "fitness": [76.0, 20000.0, 76.27049615639297],
      "time_stamp": 10.30244960001437
    },
    "a7547bb8-d458-11ed-b47d-a670a3eb8803": {
      "agg_fitness": -109.6824758941944,
      "fitness": [76.0, 35000.0, 76.58247589419439],
      "time_stamp": 10.307397400029004
    },
    "a7547bb9-d458-11ed-905f-a670a3eb8803": {
      "agg_fitness": -133.14064481123688,
      "fitness": [83.0, 55000.0, 80.21564481123687],
      "time_stamp": 10.312646500009578
    }
  },
  "4": {
    "a7547bb9-d458-11ed-905f-a670a3eb8803": {
      "agg_fitness": -133.14064481123688,
      "fitness": [83.0, 55000.0, 80.21564481123687],
      "time_stamp": 11.307093600044027
    },
    "a521d6f6-d458-11ed-b385-a670a3eb8803": {
      "agg_fitness": -149.54238589894243,
      "fitness": [126.00000000000001, 100000.0, 52.69238589894242],
      "time_stamp": 11.356048400048167
    },
    "a52562b4-d458-11ed-9932-a670a3eb8803": {
      "agg_fitness": -94.37049615639296,
      "fitness": [76.0, 20000.0, 76.27049615639297],
      "time_stamp": 11.321142200031318
    },
    "a7f00eb8-d458-11ed-bcdd-a670a3eb8803": {
      "agg_fitness": -156.6563466931342,
      "fitness": [87.0, 65000.0, 93.8313466931342],
      "time_stamp": 11.33256710000569
    },
    "a522fc58-d458-11ed-affd-a670a3eb8803": {
      "agg_fitness": -142.17720916541253,
      "fitness": [88.0, 70000.0, 74.37720916541252],
      "time_stamp": 11.33738840004662
    },
    "a5bd0347-d458-11ed-9096-a670a3eb8803": {
      "agg_fitness": -156.6563466931342,
      "fitness": [87.0, 65000.0, 93.8313466931342],
      "time_stamp": 11.346574900031555
    }
  },
  "5": {
    "a5bd0347-d458-11ed-9096-a670a3eb8803": {
      "agg_fitness": -156.6563466931342,
      "fitness": [87.0, 65000.0, 93.8313466931342],
      "time_stamp": 11.41181390004931
    },
    "a52562b4-d458-11ed-9932-a670a3eb8803": {
      "agg_fitness": -94.37049615639296,
      "fitness": [76.0, 20000.0, 76.27049615639297],
      "time_stamp": 11.40158700000029
    },
    "a522fc57-d458-11ed-be34-a670a3eb8803": {
      "agg_fitness": -131.16398988238802,
      "fitness": [115.0, 75000.0, 59.038989882388016],
      "time_stamp": 11.406391100026667
    },
    "a521d6f6-d458-11ed-b385-a670a3eb8803": {
      "agg_fitness": -149.54238589894243,
      "fitness": [126.00000000000001, 100000.0, 52.69238589894242],
      "time_stamp": 11.427309899998363
    },
    "a7ffaf07-d458-11ed-a8a8-a670a3eb8803": {
      "agg_fitness": -100062.6,
      "fitness": [-2500.0, 100.0, 100000.0],
      "time_stamp": 11.431924300035462
    }
  },
  "6": {
    "a521d6f6-d458-11ed-b385-a670a3eb8803": {
      "agg_fitness": -149.54238589894243,