{
  "00": {
    "0": {
      "agg_fitness": -210500.0,
      "fitness": [-100000.0, 100000.0, 100000.0, 100000.0]
    },
    "1": {
      "agg_fitness": -210500.0,
      "fitness": [-100000.0, 100000.0, 100000.0, 100000.0]
    },
    "2": {
      "agg_fitness": -210500.0,
      "fitness": [-100000.0, 100000.0, 100000.0, 100000.0]
    },
    "3": {
      "agg_fitness": -210500.0,
      "fitness": [-100000.0, 100000.0, 100000.0, 100000.0]
    },
    "4": {
      "agg_fitness": -210500.0,
      "fitness": [-100000.0, 100000.0, 100000.0, 100000.0]
    },
    "5": {
      "agg_fitness": -2348.6057872478273,
      "fitness": [115.0, 2213.5, 21.605787247827397, 25000.0]
    },
    "6": {
      "agg_fitness": -210500.0,
      "fitness": [-100000.0, 100000.0, 100000.0, 100000.0]
    },
    "7": {
      "agg_fitness": -210500.0,
      "fitness": [-100000.0, 100000.0, 100000.0, 100000.0]
    },
    "8": {
      "agg_fitness": -210500.0,
      "fitness": [-100000.0, 100000.0, 100000.0, 100000.0]
    },
    "9": {
      "agg_fitness": -210500.0,
      "fitness": [-100000.0, 100000.0, 100000.0, 100000.0]
    },
    "10": {
      "agg_fitness": -210500.0,
      "fitness": [-100000.0, 100000.0, 100000.0, 100000.0]
    },
    "11": {
      "agg_fitness": -2062.4486453508566,
      "fitness": [276.0, 1908.6389342033715, 181.40971114748493, 0.0]
    },
    "12": {
      "agg_fitness": -210500.0,
      "fitness": [-100000.0, 100000.0, 100000.0, 100000.0]
    },
    "13": {
      "agg_fitness": -210500.0,
      "fitness": [-100000.0, 100000.0, 100000.0, 100000.0]
    },
    "14": {
      "agg_fitness": -210500.0,
      "fitness": [-100000.0, 100000.0, 100000.0, 100000.0]
    },
    "15": {
      "agg_fitness": -210500.0,
      "fitness": [-100000.0, 100000.0, 100000.0, 100000.0]
    },
    "16": {
      "agg_fitness": -210500.0,
      "fitness": [-100000.0, 100000.0, 100000.0, 100000.0]
    },
    "17": {
      "agg_fitness": -210500.0,
      "fitness": [-100000.0, 100000.0, 100000.0, 100000.0]
    },
    "18": {
      "agg_fitness": -210500.0,
      "fitness": [-100000.0, 100000.0, 100000.0, 100000.0]
    },
    "19": {
      "agg_fitness": -210500.0,
      "fitness": [-100000.0, 100000.0, 100000.0, 100000.0]
    },
    "20": {
      "agg_fitness": -210500.0,
      "fitness": [-100000.0, 100000.0, 100000.0, 100000.0]
    },
    "21": {
      "agg_fitness": -210500.0,
      "fitness": [-100000.0, 100000.0, 100000.0, 100000.0]
    },
    "22": {
      "agg_fitness": -210500.0,
      "fitness": [-100000.0, 100000.0, 100000.0, 100000.0]
    },
    "23": {
      "agg_fitness": -210500.0,
      "fitness": [-100000.0, 100000.0, 100000.0, 100000.0]
    },
    "24": {
      "agg_fitness": -210500.0,
      "fitness": [-100000.0, 100000.0, 100000.0, 100000.0]
    },
    "25": {
      "agg_fitness": -210500.0,
      "fitness": [-100000.0, 100000.0, 100000.0, 100000.0]
    },
    "26": {
      "agg_fitness": -210500.0,
      "fitness": [-100000.0, 100000.0, 100000.0, 100000.0]
    },
    "27": {
      "agg_fitness": -210500.0,
      "fitness": [-100000.0, 100000.0, 100000.0, 100000.0]
    },
    "28": {
      "agg_fitness": -210500.0,
      "fitness": [-100000.0, 100000.0, 100000.0, 100000.0]
    },
    "29": {
      "agg_fitness": -210500.0,
      "fitness": [-100000.0, 100000.0, 100000.0, 100000.0]
    },
    "30": {
      "agg_fitness": -210500.0,
      "fitness": [-100000.0, 100000.0, 100000.0, 100000.0]
    },
    "31": {
      "agg_fitness": -210500.0,
      "fitness": [-100000.0, 100000.0, 100000.0, 100000.0]
    },
    "32": {
      "agg_fitness": -160.73209869581956,
      "fitness": [
        3467.0000000000005, 10.098216065377716, 22.33388263044188, 95000.0
      ]
    },
    "33": {
      "agg_fitness": -210500.0,
      "fitness": [-100000.0, 100000.0, 100000.0, 100000.0]
    },
    "34": {
      "agg_fitness": -210500.0,
      "fitness": [-100000.0, 100000.0, 100000.0, 100000.0]
    },
    "35": {
      "agg_fitness": -210500.0,
      "fitness": [-100000.0, 100000.0, 100000.0, 100000.0]
    },
    "36": {
      "agg_fitness": -210500.0,
      "fitness": [-100000.0, 100000.0, 100000.0, 100000.0]
    },
    "37": {
      "agg_fitness": -210500.0,
      "fitness": [-100000.0, 100000.0, 100000.0, 100000.0]
    },
    "38": {
      "agg_fitness": -210500.0,
      "fitness": [-100000.0, 100000.0, 100000.0, 100000.0]
    },
    "39": {
      "agg_fitness": -210500.0,
      "fitness": [-100000.0, 100000.0, 100000.0, 100000.0]
    },
    "aggregated": { "best": -160.73209869581956, "avg": -194826.79466328237 }
  },
  "0": {
    "0": {
      "agg_fitness": -210500.0,
      "fitness": [-100000.0, 100000.0, 100000.0, 100000.0]
    },
    "1": {
      "agg_fitness": -160.73209869581956,
      "fitness": [
        3467.0000000000005, 10.098216065377716, 22.33388263044188, 95000.0
      ]
    },
    "2": {
      "agg_fitness": -210500.0,
      "fitness": [-100000.0, 100000.0, 100000.0, 100000.0]
    },
    "3": {
      "agg_fitness": -210500.0,
      "fitness": [-100000.0, 100000.0, 100000.0, 100000.0]
    },
    "4": {
      "agg_fitness": -210500.0,
      "fitness": [-100000.0, 100000.0, 100000.0, 100000.0]
    },
    "5": {
      "agg_fitness": -210500.0,
      "fitness": [-100000.0, 100000.0, 100000.0, 100000.0]
    },
    "6": {
      "agg_fitness": -370.3271986221148,
      "fitness": [2499.0, 217.29279295279366, 277.93440566932117, 25000.0]
    },
    "7": {
      "agg_fitness": -210500.0,
      "fitness": [-100000.0, 100000.0, 100000.0, 100000.0]
    },
    "8": {
      "agg_fitness": -210500.0,
      "fitness": [-100000.0, 100000.0, 100000.0, 100000.0]
    },
    "9": {
      "agg_fitness": -210500.0,
      "fitness": [-100000.0, 100000.0, 100000.0, 100000.0]
    },
    "10": {
      "agg_fitness": -210500.0,
      "fitness": [-100000.0, 100000.0, 100000.0, 100000.0]
    },
    "11": {
      "agg_fitness": -210500.0,
      "fitness": [-100000.0, 100000.0, 100000.0, 100000.0]
    },
    "12": {
      "agg_fitness": -210500.0,
      "fitness": [-100000.0, 100000.0, 100000.0, 100000.0]
    },
    "13": {
      "agg_fitness": -210500.0,
      "fitness": [-100000.0, 100000.0, 100000.0, 100000.0]
    },
    "14": {
      "agg_fitness": -210500.0,
      "fitness": [-100000.0, 100000.0, 100000.0, 100000.0]
    },
    "15": {
      "agg_fitness": -210500.0,
      "fitness": [-100000.0, 100000.0, 100000.0, 100000.0]
    },
    "16": {
      "agg_fitness": -210500.0,
      "fitness": [-100000.0, 100000.0, 100000.0, 100000.0]
    },
    "17": {
      "agg_fitness": -210500.0,
      "fitness": [-100000.0, 100000.0, 100000.0, 100000.0]
    },
    "18": {
      "agg_fitness": -160.73209869581956,
      "fitness": [
        3467.0000000000005, 10.098216065377716, 22.33388263044188, 95000.0
      ]
    },
    "19": {
      "agg_fitness": -210500.0,
      "fitness": [-100000.0, 100000.0, 100000.0, 100000.0]
    },
    "20": {
      "agg_fitness": -210500.0,
      "fitness": [-100000.0, 100000.0, 100000.0, 100000.0]
    },
    "21": {
      "agg_fitness": -210500.0,
      "fitness": [-100000.0, 100000.0, 100000.0, 100000.0]
    },
    "22": {
      "agg_fitness": -210500.0,
      "fitness": [-100000.0, 100000.0, 100000.0, 100000.0]
    },
    "23": {
      "agg_fitness": -210500.0,
      "fitness": [-100000.0, 100000.0, 100000.0, 100000.0]
    },
    "24": {
      "agg_fitness": -210500.0,
      "fitness": [-100000.0, 100000.0, 100000.0, 100000.0]
    },
    "25": {
      "agg_fitness": -210500.0,
      "fitness": [-100000.0, 100000.0, 100000.0, 100000.0]
    },
    "26": {
      "agg_fitness": -210500.0,
      "fitness": [-100000.0, 100000.0, 100000.0, 100000.0]
    },
    "27": {
      "agg_fitness": -210500.0,
      "fitness": [-100000.0, 100000.0, 100000.0, 100000.0]
    },
    "28": {
      "agg_fitness": -210500.0,
      "fitness": [-100000.0, 100000.0, 100000.0, 100000.0]
    },
    "29": {
      "agg_fitness": -2062.4486453508566,