{"00": {"0": {"agg_fitness": 0.0, "fitness": [0.0, 0.0, 0.0], "time_stamp": 14.173178900033236}, "1": {"agg_fitness": -55.0, "fitness": [0.0, 0.0, 55000.0], "time_stamp": 14.173212299996521}, "2": {"agg_fitness": 0.0, "fitness": [0.0, 0.0, 0.0], "time_stamp": 14.173272699990775}, "3": {"agg_fitness": 0.0, "fitness": [0.0, 0.0, 0.0], "time_stamp": 14.1732878999901}, "4": {"agg_fitness": -30.0, "fitness": [0.0, 0.0, 30000.0], "time_stamp": 14.173300200025551}, "5": {"agg_fitness": 0.0, "fitness": [0.0, 0.0, 0.0], "time_stamp": 14.17331220000051}, "6": {"agg_fitness": -70.0, "fitness": [0.0, 0.0, 70000.0], "time_stamp": 14.17332709999755}, "7": {"agg_fitness": -20.0, "fitness": [0.0, 0.0, 20000.0], "time_stamp": 14.173359900014475}}, "0": {"0": {"agg_fitness": -20.0, "fitness": [0.0, 0.0, 20000.0], "time_stamp": 29.9317612000159}, "1": {"agg_fitness": 0.0, "fitness": [0.0, 0.0, 0.0], "time_stamp": 29.93177900003502}, "2": {"agg_fitness": -20.0, "fitness": [0.0, 0.0, 20000.0], "time_stamp": 29.931790500006173}, "3": {"agg_fitness": 0.0, "fitness": [0.0, 0.0, 0.0], "time_stamp": 29.931800300022587}, "4": {"agg_fitness": 0.0, "fitness": [0.0, 0.0, 0.0], "time_stamp": 29.931811000045855}, "5": {"agg_fitness": 0.0, "fitness": [0.0, 0.0, 0.0], "time_stamp": 29.931820400001016}, "6": {"agg_fitness": 0.0, "fitness": [0.0, 0.0, 0.0], "time_stamp": 29.93183010001667}, "7": {"agg_fitness": 0.0, "fitness": [0.0, 0.0, 0.0], "time_stamp": 29.93183890002547}}, "1": {"0": {"agg_fitness": 0.0, "fitness": [0.0, 0.0, 0.0], "time_stamp": 54.60484220000217}, "1": {"agg_fitness": 0.0, "fitness": [0.0, 0.0, 0.0], "time_stamp": 54.60486349998973}, "2": {"agg_fitness": 0.0, "fitness": [0.0, 0.0, 0.0], "time_stamp": 54.60487750003813}, "3": {"agg_fitness": 0.0, "fitness": [0.0, 0.0, 0.0], "time_stamp": 54.60489110002527}, "4": {"agg_fitness": 0.0, "fitness": [0.0, 0.0, 0.0], "time_stamp": 54.60490310000023}, "5": {"agg_fitness": 0.0, "fitness": [0.0, 0.0, 0.0], "time_stamp": 54.604914500028826}, "6": {"agg_fitness": 0.0, "fitness": [0.0, 0.0, 0.0], "time_stamp": 54.604925799998455}, "7": {"agg_fitness": 0.0, "fitness": [0.0, 0.0, 0.0], "time_stamp": 54.604936600022484}}, "2": {"0": {"agg_fitness": 0.0, "fitness": [0.0, 0.0, 0.0], "time_stamp": 76.48785620002309}, "1": {"agg_fitness": 0.0, "fitness": [0.0, 0.0, 0.0], "time_stamp": 76.48787690000609}, "2": {"agg_fitness": 0.0, "fitness": [0.0, 0.0, 0.0], "time_stamp": 76.48788999998942}, "3": {"agg_fitness": 0.0, "fitness": [0.0, 0.0, 0.0], "time_stamp": 76.4879012000165}, "4": {"agg_fitness": 0.0, "fitness": [0.0, 0.0, 0.0], "time_stamp": 76.48791260004509}, "5": {"agg_fitness": 0.0, "fitness": [0.0, 0.0, 0.0], "time_stamp": 76.48792300000787}, "6": {"agg_fitness": 0.0, "fitness": [0.0, 0.0, 0.0], "time_stamp": 76.48793480003951}, "7": {"agg_fitness": 0.0, "fitness": [0.0, 0.0, 0.0], "time_stamp": 76.48794540000381}}, "3": {"0": {"agg_fitness": 0.0, "fitness": [0.0, 0.0, 0.0], "time_stamp": 98.06224150001071}, "1": {"agg_fitness": 0.0, "fitness": [0.0, 0.0, 0.0], "time_stamp": 98.06228780001402}, "2": {"agg_fitness": 0.0, "fitness": [0.0, 0.0, 0.0], "time_stamp": 98.06232710002223}, "3": {"agg_fitness": 0.0, "fitness": [0.0, 0.0, 0.0], "time_stamp": 98.06233889999567}, "4": {"agg_fitness": 0.0, "fitness": [0.0, 0.0, 0.0], "time_stamp": 98.06235030002426}, "5": {"agg_fitness": 0.0, "fitness": [0.0, 0.0, 0.0], "time_stamp": 98.06236189999618}, "6": {"agg_fitness": 0.0, "fitness": [0.0, 0.0, 0.0], "time_stamp": 98.06237410003087}, "7": {"agg_fitness": 0.0, "fitness": [0.0, 0.0, 0.0], "time_stamp": 98.06238489999669}}, "4": {"0": {"agg_fitness": 0.0, "fitness": [0.0, 0.0, 0.0], "time_stamp": 119.88820520002628}, "1": {"agg_fitness": 0.0, "fitness": [0.0, 0.0, 0.0], "time_stamp": 119.88822750002146}, "2": {"agg_fitness": 0.0, "fitness": [0.0, 0.0, 0.0], "time_stamp": 119.88824010000098}, "3": {"agg_fitness": 0.0, "fitness": [0.0, 0.0, 0.0], "time_stamp": 119.8882525000372}, "4": {"agg_fitness": 0.0, "fitness": [0.0, 0.0, 0.0], "time_stamp": 119.88826660002815}, "5": {"agg_fitness": 0.0, "fitness": [0.0, 0.0, 0.0], "time_stamp": 119.88827840000158}, "6": {"agg_fitness": 0.0, "fitness": [0.0, 0.0, 0.0], "time_stamp": 119.88829110004008}, "7": {"agg_fitness": 0.0, "fitness": [0.0, 0.0, 0.0], "time_stamp": 119.88830350001808}}, "5": {"0": {"agg_fitness": 0.0, "fitness": [0.0, 0.0, 0.0], "time_stamp": 141.5883351000375}, "1": {"agg_fitness": 0.0, "fitness": [0.0, 0.0, 0.0], "time_stamp": 141.5883589000441}, "2": {"agg_fitness": 0.0, "fitness": [0.0, 0.0, 0.0], "time_stamp": 141.58837170002516}, "3": {"agg_fitness": 0.0, "fitness": [0.0, 0.0, 0.0], "time_stamp": 141.58838319999631}, "4": {"agg_fitness": 0.0, "fitness": [0.0, 0.0, 0.0], "time_stamp": 141.58839400002034}, "5": {"agg_fitness": 0.0, "fitness": [0.0, 0.0, 0.0], "time_stamp": 141.58840480004437}, "6": {"agg_fitness": 0.0, "fitness": [0.0, 0.0, 0.0], "time_stamp": 141.58841680001933}, "7": {"agg_fitness": 0.0, "fitness": [0.0, 0.0, 0.0], "time_stamp": 141.588428499992}}}