{"0": {"0": {"agg_fitness": 400000.0, "fitness": [100000.0, 100000.0, -100000.0, 100000.0]}, "1": {"agg_fitness": 400000.0, "fitness": [100000.0, 100000.0, -100000.0, 100000.0]}, "2": {"agg_fitness": 400000.0, "fitness": [100000.0, 100000.0, -100000.0, 100000.0]}, "3": {"agg_fitness": 400000.0, "fitness": [100000.0, 100000.0, -100000.0, 100000.0]}, "4": {"agg_fitness": 400000.0, "fitness": [100000.0, 100000.0, -100000.0, 100000.0]}, "5": {"agg_fitness": 23729.398330146345, "fitness": [23000.0, 514.0658581980284, 388.0, 603.3324719483169]}, "6": {"agg_fitness": 400000.0, "fitness": [100000.0, 100000.0, -100000.0, 100000.0]}, "7": {"agg_fitness": 400000.0, "fitness": [100000.0, 100000.0, -100000.0, 100000.0]}, "8": {"agg_fitness": 400000.0, "fitness": [100000.0, 100000.0, -100000.0, 100000.0]}, "9": {"agg_fitness": 76334.72669814498, "fitness": [79000.0, 50.547088347255446, 2734.0, 18.179609797714466]}, "10": {"agg_fitness": 400000.0, "fitness": [100000.0, 100000.0, -100000.0, 100000.0]}, "11": {"agg_fitness": 400000.0, "fitness": [100000.0, 100000.0, -100000.0, 100000.0]}, "12": {"agg_fitness": 400000.0, "fitness": [100000.0, 100000.0, -100000.0, 100000.0]}, "13": {"agg_fitness": 400000.0, "fitness": [100000.0, 100000.0, -100000.0, 100000.0]}, "14": {"agg_fitness": 400000.0, "fitness": [100000.0, 100000.0, -100000.0, 100000.0]}, "15": {"agg_fitness": 400000.0, "fitness": [100000.0, 100000.0, -100000.0, 100000.0]}, "16": {"agg_fitness": 400000.0, "fitness": [100000.0, 100000.0, -100000.0, 100000.0]}, "17": {"agg_fitness": 400000.0, "fitness": [100000.0, 100000.0, -100000.0, 100000.0]}, "18": {"agg_fitness": 400000.0, "fitness": [100000.0, 100000.0, -100000.0, 100000.0]}, "19": {"agg_fitness": 400000.0, "fitness": [100000.0, 100000.0, -100000.0, 100000.0]}, "aggregated": {"best": 23729.398330146345, "avg": 365003.2062514146}}, "1": {"0": {"agg_fitness": 400000.0, "fitness": [100000.0, 100000.0, -100000.0, 100000.0]}, "1": {"agg_fitness": 400000.0, "fitness": [100000.0, 100000.0, -100000.0, 100000.0]}, "2": {"agg_fitness": 400000.0, "fitness": [100000.0, 100000.0, -100000.0, 100000.0]}, "3": {"agg_fitness": 400000.0, "fitness": [100000.0, 100000.0, -100000.0, 100000.0]}, "4": {"agg_fitness": 400000.0, "fitness": [100000.0, 100000.0, -100000.0, 100000.0]}, "5": {"agg_fitness": 400000.0, "fitness": [100000.0, 100000.0, -100000.0, 100000.0]}, "6": {"agg_fitness": 400000.0, "fitness": [100000.0, 100000.0, -100000.0, 100000.0]}, "7": {"agg_fitness": 400000.0, "fitness": [100000.0, 100000.0, -100000.0, 100000.0]}, "8": {"agg_fitness": 400000.0, "fitness": [100000.0, 100000.0, -100000.0, 100000.0]}, "9": {"agg_fitness": 400000.0, "fitness": [100000.0, 100000.0, -100000.0, 100000.0]}, "10": {"agg_fitness": 400000.0, "fitness": [100000.0, 100000.0, -100000.0, 100000.0]}, "11": {"agg_fitness": 400000.0, "fitness": [100000.0, 100000.0, -100000.0, 100000.0]}, "12": {"agg_fitness": 400000.0, "fitness": [100000.0, 100000.0, -100000.0, 100000.0]}, "13": {"agg_fitness": 400000.0, "fitness": [100000.0, 100000.0, -100000.0, 100000.0]}, "14": {"agg_fitness": 400000.0, "fitness": [100000.0, 100000.0, -100000.0, 100000.0]}, "15": {"agg_fitness": 400000.0, "fitness": [100000.0, 100000.0, -100000.0, 100000.0]}, "16": {"agg_fitness": 400000.0, "fitness": [100000.0, 100000.0, -100000.0, 100000.0]}, "17": {"agg_fitness": 400000.0, "fitness": [100000.0, 100000.0, -100000.0, 100000.0]}, "18": {"agg_fitness": 400000.0, "fitness": [100000.0, 100000.0, -100000.0, 100000.0]}, "19": {"agg_fitness": 400000.0, "fitness": [100000.0, 100000.0, -100000.0, 100000.0]}, "aggregated": {"best": 400000.0, "avg": 400000.0}}}