{"00": {"34906136-9787-11ed-be0d-86d241e2ee3e": {"agg_fitness": 0.0, "fitness": [0.0, 0.0, 0.0], "time_stamp": 57.39049809996504}, "3491c421-9787-11ed-9821-86d241e2ee3e": {"agg_fitness": -55.0, "fitness": [0.0, 0.0, 55000.0], "time_stamp": 57.402072399971075}, "34936b15-9787-11ed-927d-86d241e2ee3e": {"agg_fitness": 0.0, "fitness": [0.0, 0.0, 0.0], "time_stamp": 57.4125015999889}, "34950651-9787-11ed-ac59-86d241e2ee3e": {"agg_fitness": 0.0, "fitness": [0.0, 0.0, 0.0], "time_stamp": 57.43390459998045}, "34986466-9787-11ed-96a0-86d241e2ee3e": {"agg_fitness": -30.0, "fitness": [0.0, 0.0, 30000.0], "time_stamp": 57.44269619998522}, "3499b1ac-9787-11ed-afb6-86d241e2ee3e": {"agg_fitness": 0.0, "fitness": [0.0, 0.0, 0.0], "time_stamp": 57.48820229998091}, "34a0ad16-9787-11ed-ac7d-86d241e2ee3e": {"agg_fitness": -70.0, "fitness": [0.0, 0.0, 70000.0], "time_stamp": 57.50289140001405}, "34a2e74c-9787-11ed-9355-86d241e2ee3e": {"agg_fitness": -20.0, "fitness": [0.0, 0.0, 20000.0], "time_stamp": 57.51458640000783}, "34a48290-9787-11ed-8db3-86d241e2ee3e": {"agg_fitness": -50.0, "fitness": [0.0, 0.0, 50000.0], "time_stamp": 57.52647669997532}, "34a68067-9787-11ed-9257-86d241e2ee3e": {"agg_fitness": -15.0, "fitness": [0.0, 0.0, 15000.0], "time_stamp": 57.53649899997981}, "34a7f4ea-9787-11ed-825e-86d241e2ee3e": {"agg_fitness": -80.0, "fitness": [0.0, 0.0, 80000.0], "time_stamp": 57.55487369996263}, "34aab65b-9787-11ed-9366-86d241e2ee3e": {"agg_fitness": 0.0, "fitness": [0.0, 0.0, 0.0], "time_stamp": 57.564466600015294}, "34ac2ab1-9787-11ed-9ff8-86d241e2ee3e": {"agg_fitness": -55.0, "fitness": [0.0, 0.0, 55000.0], "time_stamp": 57.57831349998014}, "34ae4f87-9787-11ed-8ff6-86d241e2ee3e": {"agg_fitness": -50.0, "fitness": [0.0, 0.0, 50000.0], "time_stamp": 57.592335499997716}, "34b08798-9787-11ed-9f66-86d241e2ee3e": {"agg_fitness": -45.0, "fitness": [0.0, 0.0, 45000.0], "time_stamp": 57.60837410000386}, "34b2fb93-9787-11ed-9a2f-86d241e2ee3e": {"agg_fitness": 0.0, "fitness": [0.0, 0.0, 0.0], "time_stamp": 57.61958749999758}, "34b496e5-9787-11ed-8a62-86d241e2ee3e": {"agg_fitness": -10.0, "fitness": [0.0, 0.0, 10000.0], "time_stamp": 57.63208559999475}, "34b680af-9787-11ed-9f95-86d241e2ee3e": {"agg_fitness": -70.0, "fitness": [0.0, 0.0, 70000.0], "time_stamp": 57.64709079999011}, "34b9579e-9787-11ed-8b20-86d241e2ee3e": {"agg_fitness": -30.0, "fitness": [0.0, 0.0, 30000.0], "time_stamp": 57.66422819998115}, "34bb6868-9787-11ed-b15c-86d241e2ee3e": {"agg_fitness": -5.0, "fitness": [0.0, 0.0, 5000.0], "time_stamp": 57.67439439997543}, "34bd03fb-9787-11ed-873e-86d241e2ee3e": {"agg_fitness": -90.0, "fitness": [0.0, 0.0, 90000.0], "time_stamp": 57.68874579999829}, "34bf29ed-9787-11ed-845b-86d241e2ee3e": {"agg_fitness": -75.0, "fitness": [0.0, 0.0, 75000.0], "time_stamp": 57.705438199976925}, "34c1c3cc-9787-11ed-8c2e-86d241e2ee3e": {"agg_fitness": -70.0, "fitness": [0.0, 0.0, 70000.0], "time_stamp": 57.731337899982464}, "34c5bed9-9787-11ed-9a56-86d241e2ee3e": {"agg_fitness": -5.0, "fitness": [0.0, 0.0, 5000.0], "time_stamp": 57.740293200011365}, "34c70c7e-9787-11ed-899b-86d241e2ee3e": {"agg_fitness": -40.0, "fitness": [0.0, 0.0, 40000.0], "time_stamp": 57.7496114000096}, "34c86df7-9787-11ed-92ac-86d241e2ee3e": {"agg_fitness": -70.0, "fitness": [0.0, 0.0, 70000.0], "time_stamp": 57.76022479997482}, "34ca0a0d-9787-11ed-a9a1-86d241e2ee3e": {"agg_fitness": -70.0, "fitness": [0.0, 0.0, 70000.0], "time_stamp": 57.77301399997668}, "34cc1afd-9787-11ed-92b9-86d241e2ee3e": {"agg_fitness": -35.0, "fitness": [0.0, 0.0, 35000.0], "time_stamp": 57.78210109996144}, "34cd684f-9787-11ed-b8ff-86d241e2ee3e": {"agg_fitness": 0.0, "fitness": [0.0, 0.0, 0.0], "time_stamp": 57.79062589997193}, "34ceb595-9787-11ed-9233-86d241e2ee3e": {"agg_fitness": -30.0, "fitness": [0.0, 0.0, 30000.0], "time_stamp": 57.799892299983185}, "34d02a2d-9787-11ed-a646-86d241e2ee3e": {"agg_fitness": -90.0, "fitness": [0.0, 0.0, 90000.0], "time_stamp": 57.81152419996215}, "34d1eca0-9787-11ed-b174-86d241e2ee3e": {"agg_fitness": 0.0, "fitness": [0.0, 0.0, 0.0], "time_stamp": 57.82173359999433}, "34d38816-9787-11ed-8e9f-86d241e2ee3e": {"agg_fitness": 0.0, "fitness": [0.0, 0.0, 0.0], "time_stamp": 57.83099059999222}, "34d4d564-9787-11ed-83f6-86d241e2ee3e": {"agg_fitness": -5.0, "fitness": [0.0, 0.0, 5000.0], "time_stamp": 57.84605829999782}, "34d748b5-9787-11ed-a354-86d241e2ee3e": {"agg_fitness": -85.0, "fitness": [0.0, 0.0, 85000.0], "time_stamp": 57.859325299970806}, "34d94658-9787-11ed-afb8-86d241e2ee3e": {"agg_fitness": -15.0, "fitness": [0.0, 0.0, 15000.0], "time_stamp": 57.869207600015216}, "34dabae8-9787-11ed-bd1c-86d241e2ee3e": {"agg_fitness": -5.0, "fitness": [0.0, 0.0, 5000.0], "time_stamp": 57.886029799992684}, "34dd556e-9787-11ed-b5d3-86d241e2ee3e": {"agg_fitness": -35.0, "fitness": [0.0, 0.0, 35000.0], "time_stamp": 57.910043100011535}, "34e10240-9787-11ed-96fb-86d241e2ee3e": {"agg_fitness": -85.0, "fitness": [0.0, 0.0, 85000.0], "time_stamp": 57.938615299994126}, "34e54c86-9787-11ed-9e8c-86d241e2ee3e": {"agg_fitness": -35.0, "fitness": [0.0, 0.0, 35000.0], "time_stamp": 57.953828700003214}}, "0": {"34906136-9787-11ed-be0d-86d241e2ee3e": {"agg_fitness": 0.0, "fitness": [0.0, 0.0, 0.0], "time_stamp": 89.13220829999773}, "477d2b5a-9787-11ed-8df7-86d241e2ee3e": {"agg_fitness": -70.0, "fitness": [0.0, 0.0, 70000.0], "time_stamp": 89.15759339998476}, "4780ec29-9787-11ed-8b4e-86d241e2ee3e": {"agg_fitness": -70.0, "fitness": [0.0, 0.0, 70000.0], "time_stamp": 89.18055879999883}, "478476b7-9787-11ed-a617-86d241e2ee3e": {"agg_fitness": -5.0, "fitness": [0.0, 0.0, 5000.0], "time_stamp": 89.20037969999248}, "478788a8-9787-11ed-a10f-86d241e2ee3e": {"agg_fitness": -30.0, "fitness": [0.0, 0.0, 30000.0], "time_stamp": 89.22123029996874}, "478ac1c7-9787-11ed-8631-86d241e2ee3e": {"agg_fitness": -50.0, "fitness": [0.0, 0.0, 50000.0], "time_stamp": 89.2782079000026}, "34bb6868-9787-11ed-b15c-86d241e2ee3e": {"agg_fitness": -5.0, "fitness": [0.0, 0.0, 5000.0], "time_stamp": 90.29739580000751}, "34936b15-9787-11ed-927d-86d241e2ee3e": {"agg_fitness": 0.0, "fitness": [0.0, 0.0, 0.0], "time_stamp": 89.46571469999617}, "34c70c7e-9787-11ed-899b-86d241e2ee3e": {"agg_fitness": -40.0, "fitness": [0.0, 0.0, 40000.0], "time_stamp": 89.34278219996486}, "34d38816-9787-11ed-8e9f-86d241e2ee3e": {"agg_fitness": 0.0, "fitness": [0.0, 0.0, 0.0], "time_stamp": 89.69434200000251}, "34ca0a0d-9787-11ed-a9a1-86d241e2ee3e": {"agg_fitness": -70.0, "fitness": [0.0, 0.0, 70000.0], "time_stamp": 89.40610789996572}, "34d4d564-9787-11ed-83f6-86d241e2ee3e": {"agg_fitness": -5.0, "fitness": [0.0, 0.0, 5000.0], "time_stamp": 89.91772679996211}, "34986466-9787-11ed-96a0-86d241e2ee3e": {"agg_fitness": -30.0, "fitness": [0.0, 0.0, 30000.0], "time_stamp": 90.38121449999744}, "34ae4f87-9787-11ed-8ff6-86d241e2ee3e": {"agg_fitness": -50.0, "fitness": [0.0, 0.0, 50000.0], "time_stamp": 89.57051290001255}, "3499b1ac-9787-11ed-afb6-86d241e2ee3e": {"agg_fitness": 0.0, "fitness": [0.0, 0.0, 0.0], "time_stamp": 90.01783119997708}, "34dd556e-9787-11ed-b5d3-86d241e2ee3e": {"agg_fitness": -35.0, "fitness": [0.0, 0.0, 35000.0], "time_stamp": 89.6060319999815}, "34e54c86-9787-11ed-9e8c-86d241e2ee3e": {"agg_fitness": -35.0, "fitness": [0.0, 0.0, 35000.0], "time_stamp": 89.62804799998412}, "34d1eca0-9787-11ed-b174-86d241e2ee3e": {"agg_fitness": 0.0, "fitness": [0.0, 0.0, 0.0], "time_stamp": 89.73837169999024}, "34cc1afd-9787-11ed-92b9-86d241e2ee3e": {"agg_fitness": -35.0, "fitness": [0.0, 0.0, 35000.0], "time_stamp": 89.7585133999819}, "34b2fb93-9787-11ed-9a2f-86d241e2ee3e": {"agg_fitness": 0.0, "fitness": [0.0, 0.0, 0.0], "time_stamp": 89.99856759997783}, "34a68067-9787-11ed-9257-86d241e2ee3e": {"agg_fitness": -15.0, "fitness": [0.0, 0.0, 15000.0], "time_stamp": 89.80284899997059}, "34b496e5-9787-11ed-8a62-86d241e2ee3e": {"agg_fitness": -10.0, "fitness": [0.0, 0.0, 10000.0], "time_stamp": 89.8601561000105}, "47f4f303-9787-11ed-b34d-86d241e2ee3e": {"agg_fitness": 0.0,