{"00": {"a0a792f3-d08a-11ed-8bce-a670a3eb8803": {"agg_fitness": -73.37053398531249, "fitness": [76.0, 0.0, 75.2705339853125], "time_stamp": 6.22464570000011}, "a0aa0415-d08a-11ed-bd3a-a670a3eb8803": {"agg_fitness": -72.46144243452044, "fitness": [76.0, 0.0, 74.36144243452044], "time_stamp": 6.2318418000004385}, "a0ab3cea-d08a-11ed-9929-a670a3eb8803": {"agg_fitness": -73.09833673118388, "fitness": [76.0, 0.0, 74.99833673118388], "time_stamp": 6.238610200000039}, "a0ac7503-d08a-11ed-93ff-a670a3eb8803": {"agg_fitness": -77.50176695453227, "fitness": [73.0, 0.0, 79.32676695453227], "time_stamp": 6.245330100000501}, "a0ac7504-d08a-11ed-b9a5-a670a3eb8803": {"agg_fitness": -74.58898943647839, "fitness": [76.0, 0.0, 76.48898943647839], "time_stamp": 6.252095900000313}, "a0adb098-d08a-11ed-b1fd-a670a3eb8803": {"agg_fitness": -75.17340840029851, "fitness": [76.0, 0.0, 77.07340840029852], "time_stamp": 6.258808399999907}, "a0adb099-d08a-11ed-b7b9-a670a3eb8803": {"agg_fitness": -74.35621536359488, "fitness": [76.0, 0.0, 76.25621536359489], "time_stamp": 6.26544610000019}, "a0b01311-d08a-11ed-bd18-a670a3eb8803": {"agg_fitness": -74.72535505430243, "fitness": [74.0, 0.0, 76.57535505430242], "time_stamp": 6.27221340000051}}, "0": {"a0a792f3-d08a-11ed-8bce-a670a3eb8803": {"agg_fitness": -73.37053398531249, "fitness": [76.0, 0.0, 75.2705339853125], "time_stamp": 12.126565500000652}, "a0ab3cea-d08a-11ed-9929-a670a3eb8803": {"agg_fitness": -73.09833673118388, "fitness": [76.0, 0.0, 74.99833673118388], "time_stamp": 12.155776399999922}, "a0ac7504-d08a-11ed-b9a5-a670a3eb8803": {"agg_fitness": -74.58898943647839, "fitness": [76.0, 0.0, 76.48898943647839], "time_stamp": 12.133320200000526}, "a42f3b0a-d08a-11ed-bcf0-a670a3eb8803": {"agg_fitness": -73.51623557823594, "fitness": [76.0, 0.0, 75.41623557823594], "time_stamp": 12.140063599999849}, "a42f3b0b-d08a-11ed-8c9a-a670a3eb8803": {"agg_fitness": -74.58898943647839, "fitness": [76.0, 0.0, 76.48898943647839], "time_stamp": 12.149360200000046}, "a0aa0415-d08a-11ed-bd3a-a670a3eb8803": {"agg_fitness": -72.46144243452044, "fitness": [76.0, 0.0, 74.36144243452044], "time_stamp": 12.163437199999862}}, "1": {"a79de4d5-d08a-11ed-a569-a670a3eb8803": {"agg_fitness": -73.09833673118388, "fitness": [76.0, 0.0, 74.99833673118388], "time_stamp": 17.895998599999984}, "a79ee6c2-d08a-11ed-9230-a670a3eb8803": {"agg_fitness": -73.51623557823594, "fitness": [76.0, 0.0, 75.41623557823594], "time_stamp": 17.905983800000286}, "a0ab3cea-d08a-11ed-9929-a670a3eb8803": {"agg_fitness": -73.09833673118388, "fitness": [76.0, 0.0, 74.99833673118388], "time_stamp": 17.96716050000032}, "a0aa0415-d08a-11ed-bd3a-a670a3eb8803": {"agg_fitness": -72.46144243452044, "fitness": [76.0, 0.0, 74.36144243452044], "time_stamp": 17.97489930000029}}}