{"0": {"8770156f-d45d-11ed-bcf5-a670a3eb8803": {"agg_fitness": -177.02476297376757, "fitness": [7.0, 50000.0, 127.19976297376758], "time_stamp": 6.901330399967264}, "8770b568-d45d-11ed-b385-a670a3eb8803": {"agg_fitness": -149.63607661574616, "fitness": [126.00000000000001, 100000.0, 52.786076615746175], "time_stamp": 6.906531599990558}, "8770b569-d45d-11ed-be34-a670a3eb8803": {"agg_fitness": -131.2597423582789, "fitness": [115.0, 75000.0, 59.1347423582789], "time_stamp": 6.911439299990889}, "87728df4-d45d-11ed-affd-a670a3eb8803": {"agg_fitness": -142.23988940509076, "fitness": [88.0, 70000.0, 74.43988940509078], "time_stamp": 6.916460199980065}, "87728df5-d45d-11ed-a5d1-a670a3eb8803": {"agg_fitness": -166.01952723830104, "fitness": [9.0, 45000.0, 121.24452723830105], "time_stamp": 6.921113999967929}, "87728df6-d45d-11ed-9932-a670a3eb8803": {"agg_fitness": -94.38550924852188, "fitness": [76.0, 20000.0, 76.28550924852189], "time_stamp": 6.925680799991824}, "8774f0ea-d45d-11ed-aa02-a670a3eb8803": {"agg_fitness": -156.4381460115583, "fitness": [111.00000000000001, 85000.0, 74.21314601155831], "time_stamp": 6.971049599989783}, "877b49fc-d45d-11ed-9bec-a670a3eb8803": {"agg_fitness": -181.9648767308342, "fitness": [0.0, 35000.0, 146.9648767308342], "time_stamp": 6.981457399961073}}, "1": {"87728df6-d45d-11ed-9932-a670a3eb8803": {"agg_fitness": -94.38550924852188, "fitness": [76.0, 20000.0, 76.28550924852189], "time_stamp": 7.906991500000004}, "8774f0ea-d45d-11ed-aa02-a670a3eb8803": {"agg_fitness": -156.4381460115583, "fitness": [111.00000000000001, 85000.0, 74.21314601155831], "time_stamp": 7.983443400007673}, "87728df5-d45d-11ed-a5d1-a670a3eb8803": {"agg_fitness": -166.01952723830104, "fitness": [9.0, 45000.0, 121.24452723830105], "time_stamp": 7.956139499961864}, "877b49fc-d45d-11ed-9bec-a670a3eb8803": {"agg_fitness": -181.9648767308342, "fitness": [0.0, 35000.0, 146.9648767308342], "time_stamp": 7.961604000010993}, "8770156f-d45d-11ed-bcf5-a670a3eb8803": {"agg_fitness": -177.02476297376757, "fitness": [7.0, 50000.0, 127.19976297376758], "time_stamp": 7.966733499953989}, "8770b568-d45d-11ed-b385-a670a3eb8803": {"agg_fitness": -149.63607661574616, "fitness": [126.00000000000001, 100000.0, 52.786076615746175], "time_stamp": 7.972042399982456}, "881436cc-d45d-11ed-9096-a670a3eb8803": {"agg_fitness": -156.69304360840658, "fitness": [87.0, 65000.0, 93.8680436084066], "time_stamp": 7.978955099999439}}, "2": {"87728df6-d45d-11ed-9932-a670a3eb8803": {"agg_fitness": -94.38550924852188, "fitness": [76.0, 20000.0, 76.28550924852189], "time_stamp": 9.11041289998684}, "8770b568-d45d-11ed-b385-a670a3eb8803": {"agg_fitness": -149.63607661574616, "fitness": [126.00000000000001, 100000.0, 52.786076615746175], "time_stamp": 9.046450999972876}, "88b83e6a-d45d-11ed-98a0-a670a3eb8803": {"agg_fitness": -158.11139132814355, "fitness": [100.0, 85000.0, 75.61139132814355], "time_stamp": 9.057397199969273}, "88b9783c-d45d-11ed-a502-a670a3eb8803": {"agg_fitness": -164.80897559735638, "fitness": [63.00000000000001, 75000.0, 91.38397559735638], "time_stamp": 9.070859399973415}, "8774f0ea-d45d-11ed-aa02-a670a3eb8803": {"agg_fitness": -156.4381460115583, "fitness": [111.00000000000001, 85000.0, 74.21314601155831], "time_stamp": 9.082441899983678}, "8770b569-d45d-11ed-be34-a670a3eb8803": {"agg_fitness": -131.2597423582789, "fitness": [115.0, 75000.0, 59.1347423582789], "time_stamp": 9.093946299981326}, "88bfab5c-d45d-11ed-89a9-a670a3eb8803": {"agg_fitness": -149.63607661574616, "fitness": [126.00000000000001, 100000.0, 52.786076615746175], "time_stamp": 9.103859999973793}}, "3": {"899821bd-d45d-11ed-ba03-a670a3eb8803": {"agg_fitness": -94.38550924852188, "fitness": [76.0, 20000.0, 76.28550924852189], "time_stamp": 10.51955749996705}, "88bfab5c-d45d-11ed-89a9-a670a3eb8803": {"agg_fitness": -149.63607661574616, "fitness": [126.00000000000001, 100000.0, 52.786076615746175], "time_stamp": 10.524782399996184}, "881436cc-d45d-11ed-9096-a670a3eb8803": {"agg_fitness": -156.69304360840658, "fitness": [87.0, 65000.0, 93.8680436084066], "time_stamp": 10.530318700009957}, "8770b568-d45d-11ed-b385-a670a3eb8803": {"agg_fitness": -149.63607661574616, "fitness": [126.00000000000001, 100000.0, 52.786076615746175], "time_stamp": 10.534797800006345}, "899a933d-d45d-11ed-a30a-a670a3eb8803": {"agg_fitness": -156.44856175103274, "fitness": [73.0, 65000.0, 93.27356175103273], "time_stamp": 10.53978539997479}, "87728df6-d45d-11ed-9932-a670a3eb8803": {"agg_fitness": -94.38550924852188, "fitness": [76.0, 20000.0, 76.28550924852189], "time_stamp": 10.54417949996423}, "899d039f-d45d-11ed-b47d-a670a3eb8803": {"agg_fitness": -109.67133956900429, "fitness": [76.0, 35000.0, 76.5713395690043], "time_stamp": 10.549928099964745}, "899d03a0-d45d-11ed-905f-a670a3eb8803": {"agg_fitness": -133.21905794120607, "fitness": [83.0, 55000.0, 80.29405794120609], "time_stamp": 10.554925600008573}}, "4": {"899d03a0-d45d-11ed-905f-a670a3eb8803": {"agg_fitness": -133.21905794120607, "fitness": [83.0, 55000.0, 80.29405794120609], "time_stamp": 11.609810299996752}, "8770b568-d45d-11ed-b385-a670a3eb8803": {"agg_fitness": -149.63607661574616, "fitness": [126.00000000000001, 100000.0, 52.786076615746175], "time_stamp": 11.651981899980456}, "87728df6-d45d-11ed-9932-a670a3eb8803": {"agg_fitness": -94.38550924852188, "fitness": [76.0, 20000.0, 76.28550924852189], "time_stamp": 11.629084799962584}, "8a41da0c-d45d-11ed-bcdd-a670a3eb8803": {"agg_fitness": -156.69304360840658, "fitness": [87.0, 65000.0, 93.8680436084066], "time_stamp": 11.633790099993348}, "87728df4-d45d-11ed-affd-a670a3eb8803": {"agg_fitness": -142.23988940509076, "fitness": [88.0, 70000.0, 74.43988940509078], "time_stamp": 11.639544799982104}, "881436cc-d45d-11ed-9096-a670a3eb8803": {"agg_fitness": -156.69304360840658, "fitness": [87.0, 65000.0, 93.8680436084066], "time_stamp": 11.643787699984387}}, "5": {"881436cc-d45d-11ed-9096-a670a3eb8803": {"agg_fitness": -156.69304360840658, "fitness": [87.0, 65000.0, 93.8680436084066], "time_stamp": 11.711616699991282}, "87728df6-d45d-11ed-9932-a670a3eb8803": {"agg_fitness": -94.38550924852188, "fitness": [76.0, 20000.0, 76.28550924852189], "time_stamp": 11.697339100006502}, "8770b569-d45d-11ed-be34-a670a3eb8803": {"agg_fitness": -131.2597423582789, "fitness": [115.0, 75000.0, 59.1347423582789], "time_stamp": 11.706828099966515}, "8770b568-d45d-11ed-b385-a670a3eb8803": {"agg_fitness": -149.63607661574616, "fitness": [126.00000000000001, 100000.0, 52.786076615746175], "time_stamp": 11.72698139998829}, "8a506d64-d45d-11ed-a8a8-a670a3eb8803": {"agg_fitness": -100062.6, "fitness": [-2500.0, 100.0, 100000.0], "time_stamp": 11.73107749997871}}, "6": {"8770b568-d45d-11ed-b385-a670a3eb8803": {"agg_fitness": -149.63607661574616, "fitness": [126.00000000000001, 100000.0, 52.786076615746175], "time_stamp": 11.81517699995311}, "899d03a0-d45d-11ed-905f-a670a3eb8803": {"agg_fitness": -133.21905794120607, "fitness": [83.0, 55000.0, 80.29405794120609], "time_stamp": 11.778395299974363}, "87728df6-d45d-11ed-9932-a670a3eb8803": {"agg_fitness": -94.38550924852188, "fitness": [76.0, 20000.0, 76.28550924852189], "time_stamp": 11.78438179998193}, "8a506d64-d45d-11ed-a8a8-a670a3eb8803": {"agg_fitness": -100062.6, "fitness": [-2500.0, 100.0, 100000.0], "time_stamp": 11.79561599995941}, "8a5c376b-d45d-11ed-8df6-a670a3eb8803": {"agg_fitness": -100062.6, "fitness": [-2500.0, 100.0, 100000.0], "time_stamp": 11.809212499996647}}, "7": {"87728df6-d45d-11ed-9932-a670a3eb8803": {"agg_fitness": -94.38550924852188, "fitness": [76.0, 20000.0, 76.28550924852189], "time_stamp": 12.65993179997895}, "8a506d64-d45d-11ed-a8a8-a670a3eb8803": {"agg_fitness": -100062.6, "fitness": [-2500.0, 100.0, 100000.0], "time_stamp": 12.666096600005403}, "8a5c376b-d45d-11ed-8df6-a670a3eb8803": {"agg_fitness": -100062.6, "fitness": [-2500.0, 100.0, 100000.0], "time_stamp": 12.673124199965969}, "8770b568-d45d-11ed-b385-a670a3eb8803": {"agg_fitness": -149.63607661574616,