{
  "00": {
    "42682b75-cd8c-11ed-b8bb-c5541edbeb5f": {
      "agg_fitness": -160.32309609933435,
      "fitness": [118.0, 5000.0, 158.27309609933434],
      "time_stamp": 10.397031199885532
    },
    "42695cae-cd8c-11ed-b548-c5541edbeb5f": {
      "agg_fitness": -207.56629856918164,
      "fitness": [166.99999999999997, 95000.0, 116.74129856918165],
      "time_stamp": 10.405615200055763
    },
    "426a477a-cd8c-11ed-b2b5-c5541edbeb5f": {
      "agg_fitness": -187.47371080105546,
      "fitness": [97.0, 40000.0, 149.89871080105544],
      "time_stamp": 10.414987199939787
    },
    "426a477b-cd8c-11ed-a093-c5541edbeb5f": {
      "agg_fitness": -135.37059673881282,
      "fitness": [269.0, 95000.0, 47.095596738812816],
      "time_stamp": 10.42383629991673
    },
    "426caa63-cd8c-11ed-943b-c5541edbeb5f": {
      "agg_fitness": -208.7534239605692,
      "fitness": [168.0, 100000.0, 112.95342396056921],
      "time_stamp": 10.43332579988055
    },
    "426e4535-cd8c-11ed-bda2-c5541edbeb5f": {
      "agg_fitness": -235.813485044409,
      "fitness": [120.0, 95000.0, 143.813485044409],
      "time_stamp": 10.441684099845588
    },
    "426f1c80-cd8c-11ed-9e29-c5541edbeb5f": {
      "agg_fitness": -268.7008045992105,
      "fitness": [29.000000000000004, 85000.0, 184.42580459921055],
      "time_stamp": 10.449838599888608
    },
    "42717f7a-cd8c-11ed-8462-c5541edbeb5f": {
      "agg_fitness": -153.36902472527473,
      "fitness": [252.00000000000003, 95000.0, 64.66902472527472],
      "time_stamp": 10.465956199914217
    }
  },
  "0": {
    "426caa63-cd8c-11ed-943b-c5541edbeb5f": {
      "agg_fitness": -208.7534239605692,
      "fitness": [168.0, 100000.0, 112.95342396056921],
      "time_stamp": 17.87297989986837
    },
    "426a477a-cd8c-11ed-b2b5-c5541edbeb5f": {
      "agg_fitness": -187.47371080105546,
      "fitness": [97.0, 40000.0, 149.89871080105544],
      "time_stamp": 17.89126479998231
    },
    "42717f7a-cd8c-11ed-8462-c5541edbeb5f": {
      "agg_fitness": -153.36902472527473,
      "fitness": [252.00000000000003, 95000.0, 64.66902472527472],
      "time_stamp": 17.913726199883968
    },
    "42682b75-cd8c-11ed-b8bb-c5541edbeb5f": {
      "agg_fitness": -160.32309609933435,
      "fitness": [118.0, 5000.0, 158.27309609933434],
      "time_stamp": 17.946609299862757
    },
    "426e4535-cd8c-11ed-bda2-c5541edbeb5f": {
      "agg_fitness": -235.813485044409,
      "fitness": [120.0, 95000.0, 143.813485044409],
      "time_stamp": 17.93762669991702
    }
  }
}
