{"00": {"e1d20adc-ab16-11ed-9c40-00155d20abc6": {"agg_fitness": -5436.861838380517, "fitness": [26.0, 171000.0, 197.99447353522066], "time_stamp": 90.03672329999972}, "e1e0eb86-ab16-11ed-bfba-00155d20abc6": {"agg_fitness": -2300.6753068978082, "fitness": [178.0, 100000.0, 87.14701227591233], "time_stamp": 90.24791459995322}, "e201d422-ab16-11ed-b3c1-00155d20abc6": {"agg_fitness": -5389.888281783694, "fitness": [0.0, 8500.0, 214.57553127134776], "time_stamp": 90.48324169998523}, "e225b9a5-ab16-11ed-9579-00155d20abc6": {"agg_fitness": -5166.822415427259, "fitness": [0.0, 171000.0, 186.15289661709036], "time_stamp": 90.64522589999251}, "e23e8847-ab16-11ed-8a19-00155d20abc6": {"agg_fitness": -1329.7450904626835, "fitness": [285.0, 254000.0, 34.109803618507335], "time_stamp": 90.75123920000624}, "e24ebb75-ab16-11ed-9ef2-00155d20abc6": {"agg_fitness": -1255.0790008380095, "fitness": [295.0, 271000.0, 29.483160033520377], "time_stamp": 90.8253961999435}, "e25a0600-ab16-11ed-bc34-00155d20abc6": {"agg_fitness": -3058.214002397458, "fitness": [146.0, 171000.0, 107.64856009589832], "time_stamp": 90.89848939992953}, "e2651795-ab16-11ed-8a77-00155d20abc6": {"agg_fitness": -3107.823774338702, "fitness": [128.0, 17000.0, 127.39295097354808], "time_stamp": 91.04739640001208}}, "0": {"e25a0600-ab16-11ed-bc34-00155d20abc6": {"agg_fitness": -3058.214002397458, "fitness": [146.0, 171000.0, 107.64856009589832], "time_stamp": 98.98841019999236}, "e700e670-ab16-11ed-9a14-00155d20abc6": {"agg_fitness": -2307.0304326821515, "fitness": [179.0, 100000.0, 87.44121730728607], "time_stamp": 98.7890078999335}, "e1e0eb86-ab16-11ed-bfba-00155d20abc6": {"agg_fitness": -2300.6753068978082, "fitness": [178.0, 100000.0, 87.14701227591233], "time_stamp": 99.12235299998429}, "e2651795-ab16-11ed-8a77-00155d20abc6": {"agg_fitness": -3107.823774338702, "fitness": [128.0, 17000.0, 127.39295097354808], "time_stamp": 99.2298073999118}, "e201d422-ab16-11ed-b3c1-00155d20abc6": {"agg_fitness": -5389.888281783694, "fitness": [0.0, 8500.0, 214.57553127134776], "time_stamp": 99.44000279996544}, "e24ebb75-ab16-11ed-9ef2-00155d20abc6": {"agg_fitness": -1255.0790008380095, "fitness": [295.0, 271000.0, 29.483160033520377], "time_stamp": 99.37421199993696}}, "1": {"fa689126-ab16-11ed-8f2c-00155d20abc6": {"agg_fitness": -988.8025557176412, "fitness": [273.0, 108500.0, 37.45210222870565], "time_stamp": 131.26970549998805}, "fa7490a9-ab16-11ed-8a98-00155d20abc6": {"agg_fitness": -5355.932591682013, "fitness": [31.0, 171000.0, 194.9573036672805], "time_stamp": 131.3985282999929}, "fa88e105-ab16-11ed-841e-00155d20abc6": {"agg_fitness": -5389.888281783694, "fitness": [0.0, 8500.0, 214.57553127134776], "time_stamp": 131.5284229000099}, "fa9cb9ef-ab16-11ed-813d-00155d20abc6": {"agg_fitness": -1255.0790008380095, "fitness": [295.0, 271000.0, 29.483160033520377], "time_stamp": 131.68457659997512}, "e700e670-ab16-11ed-9a14-00155d20abc6": {"agg_fitness": -2307.0304326821515, "fitness": [179.0, 100000.0, 87.44121730728607], "time_stamp": 131.80925599997863}, "fac5f013-ab16-11ed-bf82-00155d20abc6": {"agg_fitness": -62600000.9, "fitness": [-100000.0, 300.0, 2500000.0], "time_stamp": 131.8967223999789}, "e24ebb75-ab16-11ed-9ef2-00155d20abc6": {"agg_fitness": -1255.0790008380095, "fitness": [295.0, 271000.0, 29.483160033520377], "time_stamp": 131.9861474999925}, "e23e8847-ab16-11ed-8a19-00155d20abc6": {"agg_fitness": -1329.7450904626835, "fitness": [285.0, 254000.0, 34.109803618507335], "time_stamp": 132.05560729990248}}, "2": {"e24ebb75-ab16-11ed-9ef2-00155d20abc6": {"agg_fitness": -1255.0790008380095, "fitness": [295.0, 271000.0, 29.483160033520377], "time_stamp": 138.29090579994954}, "fac5f013-ab16-11ed-bf82-00155d20abc6": {"agg_fitness": -62600000.9, "fitness": [-100000.0, 300.0, 2500000.0], "time_stamp": 137.91601779998746}, "fa689126-ab16-11ed-8f2c-00155d20abc6": {"agg_fitness": -988.8025557176412, "fitness": [273.0, 108500.0, 37.45210222870565], "time_stamp": 137.77274429996032}, "e201d422-ab16-11ed-b3c1-00155d20abc6": {"agg_fitness": -5389.888281783694, "fitness": [0.0, 8500.0, 214.57553127134776], "time_stamp": 138.03171759995166}}}