{"0": {"b3995e43-d465-11ed-bcf5-a670a3eb8803": {"agg_fitness": -176.97712092340174, "fitness": [7.0, 50000.0, 127.15212092340172], "time_stamp": 12.672960700001568}, "b3995e44-d465-11ed-b385-a670a3eb8803": {"agg_fitness": -149.54238589894243, "fitness": [126.00000000000001, 100000.0, 52.69238589894242], "time_stamp": 12.686368800001219}, "b39d06bd-d465-11ed-be34-a670a3eb8803": {"agg_fitness": -131.16398988238802, "fitness": [115.0, 75000.0, 59.038989882388016], "time_stamp": 12.694949199969415}, "b39e4687-d465-11ed-affd-a670a3eb8803": {"agg_fitness": -142.17720916541253, "fitness": [88.0, 70000.0, 74.37720916541252], "time_stamp": 12.743472600006498}, "b3a59ae3-d465-11ed-a5d1-a670a3eb8803": {"agg_fitness": -165.9642478982281, "fitness": [9.0, 45000.0, 121.18924789822812], "time_stamp": 12.754761899996083}, "b3a7f0a3-d465-11ed-9932-a670a3eb8803": {"agg_fitness": -94.37049615639296, "fitness": [76.0, 20000.0, 76.27049615639297], "time_stamp": 12.76491879997775}, "b3a929a3-d465-11ed-aa02-a670a3eb8803": {"agg_fitness": -156.34106872837998, "fitness": [111.00000000000001, 85000.0, 74.11606872837997], "time_stamp": 12.77443350001704}, "b3aa6150-d465-11ed-9bec-a670a3eb8803": {"agg_fitness": -181.95609591354273, "fitness": [0.0, 35000.0, 146.95609591354273], "time_stamp": 12.783992399985436}}, "1": {"b3a7f0a3-d465-11ed-9932-a670a3eb8803": {"agg_fitness": -94.37049615639296, "fitness": [76.0, 20000.0, 76.27049615639297], "time_stamp": 15.162830799992662}, "b3a929a3-d465-11ed-aa02-a670a3eb8803": {"agg_fitness": -156.34106872837998, "fitness": [111.00000000000001, 85000.0, 74.11606872837997], "time_stamp": 15.254408099979628}, "b3a59ae3-d465-11ed-a5d1-a670a3eb8803": {"agg_fitness": -165.9642478982281, "fitness": [9.0, 45000.0, 121.18924789822812], "time_stamp": 15.195208699966315}, "b3aa6150-d465-11ed-9bec-a670a3eb8803": {"agg_fitness": -181.95609591354273, "fitness": [0.0, 35000.0, 146.95609591354273], "time_stamp": 15.20621019997634}, "b3995e43-d465-11ed-bcf5-a670a3eb8803": {"agg_fitness": -176.97712092340174, "fitness": [7.0, 50000.0, 127.15212092340172], "time_stamp": 15.220013000012841}, "b3995e44-d465-11ed-b385-a670a3eb8803": {"agg_fitness": -149.54238589894243, "fitness": [126.00000000000001, 100000.0, 52.69238589894242], "time_stamp": 15.234666700009257}, "b5220fb1-d465-11ed-9096-a670a3eb8803": {"agg_fitness": -156.6563466931342, "fitness": [87.0, 65000.0, 93.8313466931342], "time_stamp": 15.245488899992779}}, "2": {"b3a7f0a3-d465-11ed-9932-a670a3eb8803": {"agg_fitness": -94.37049615639296, "fitness": [76.0, 20000.0, 76.27049615639297], "time_stamp": 17.466351600014605}, "b3995e44-d465-11ed-b385-a670a3eb8803": {"agg_fitness": -149.54238589894243, "fitness": [126.00000000000001, 100000.0, 52.69238589894242], "time_stamp": 17.394331699993927}, "b6699924-d465-11ed-98a0-a670a3eb8803": {"agg_fitness": -158.02665699838045, "fitness": [100.0, 85000.0, 75.52665699838045], "time_stamp": 17.411764000018593}, "b66e704b-d465-11ed-a502-a670a3eb8803": {"agg_fitness": -164.74558559146266, "fitness": [63.00000000000001, 75000.0, 91.32058559146267], "time_stamp": 17.42742379999254}, "b3a929a3-d465-11ed-aa02-a670a3eb8803": {"agg_fitness": -156.34106872837998, "fitness": [111.00000000000001, 85000.0, 74.11606872837997], "time_stamp": 17.4374836999923}, "b39d06bd-d465-11ed-be34-a670a3eb8803": {"agg_fitness": -131.16398988238802, "fitness": [115.0, 75000.0, 59.038989882388016], "time_stamp": 17.449156299990136}, "b6738dfe-d465-11ed-89a9-a670a3eb8803": {"agg_fitness": -149.54238589894243, "fitness": [126.00000000000001, 100000.0, 52.69238589894242], "time_stamp": 17.458360099990387}}, "3": {"b7e7de59-d465-11ed-ba03-a670a3eb8803": {"agg_fitness": -94.37049615639296, "fitness": [76.0, 20000.0, 76.27049615639297], "time_stamp": 19.90611219999846}, "b6738dfe-d465-11ed-89a9-a670a3eb8803": {"agg_fitness": -149.54238589894243, "fitness": [126.00000000000001, 100000.0, 52.69238589894242], "time_stamp": 19.917520299961325}, "b5220fb1-d465-11ed-9096-a670a3eb8803": {"agg_fitness": -156.6563466931342, "fitness": [87.0, 65000.0, 93.8313466931342], "time_stamp": 19.931729800009634}, "b3995e44-d465-11ed-b385-a670a3eb8803": {"agg_fitness": -149.54238589894243, "fitness": [126.00000000000001, 100000.0, 52.69238589894242], "time_stamp": 19.94673879997572}, "b7f0bc19-d465-11ed-a30a-a670a3eb8803": {"agg_fitness": -156.40829237218884, "fitness": [73.0, 65000.0, 93.23329237218883], "time_stamp": 19.957969299983233}, "b3a7f0a3-d465-11ed-9932-a670a3eb8803": {"agg_fitness": -94.37049615639296, "fitness": [76.0, 20000.0, 76.27049615639297], "time_stamp": 19.967056399967987}, "b7f3f933-d465-11ed-b47d-a670a3eb8803": {"agg_fitness": -109.6824758941944, "fitness": [76.0, 35000.0, 76.58247589419439], "time_stamp": 19.97402979998151}, "b7f3f934-d465-11ed-905f-a670a3eb8803": {"agg_fitness": -133.14064481123688, "fitness": [83.0, 55000.0, 80.21564481123687], "time_stamp": 19.982746699999552}}, "4": {"b7f3f934-d465-11ed-905f-a670a3eb8803": {"agg_fitness": -133.14064481123688, "fitness": [83.0, 55000.0, 80.21564481123687], "time_stamp": 22.062741599977016}, "b3995e44-d465-11ed-b385-a670a3eb8803": {"agg_fitness": -149.54238589894243, "fitness": [126.00000000000001, 100000.0, 52.69238589894242], "time_stamp": 22.19094459997723}, "b3a7f0a3-d465-11ed-9932-a670a3eb8803": {"agg_fitness": -94.37049615639296, "fitness": [76.0, 20000.0, 76.27049615639297], "time_stamp": 22.122006199962925}, "b93c6b8e-d465-11ed-bcdd-a670a3eb8803": {"agg_fitness": -156.6563466931342, "fitness": [87.0, 65000.0, 93.8313466931342], "time_stamp": 22.141014399996493}, "b39e4687-d465-11ed-affd-a670a3eb8803": {"agg_fitness": -142.17720916541253, "fitness": [88.0, 70000.0, 74.37720916541252], "time_stamp": 22.155959900002927}, "b5220fb1-d465-11ed-9096-a670a3eb8803": {"agg_fitness": -156.6563466931342, "fitness": [87.0, 65000.0, 93.8313466931342], "time_stamp": 22.166303700010758}}, "5": {"b5220fb1-d465-11ed-9096-a670a3eb8803": {"agg_fitness": -156.6563466931342, "fitness": [87.0, 65000.0, 93.8313466931342], "time_stamp": 22.29910140001448}, "b3a7f0a3-d465-11ed-9932-a670a3eb8803": {"agg_fitness": -94.37049615639296, "fitness": [76.0, 20000.0, 76.27049615639297], "time_stamp": 22.279331400000956}, "b39d06bd-d465-11ed-be34-a670a3eb8803": {"agg_fitness": -131.16398988238802, "fitness": [115.0, 75000.0, 59.038989882388016], "time_stamp": 22.2912745999638}, "b3995e44-d465-11ed-b385-a670a3eb8803": {"agg_fitness": -149.54238589894243, "fitness": [126.00000000000001, 100000.0, 52.69238589894242], "time_stamp": 22.33077509998111}, "b95c0d0b-d465-11ed-a8a8-a670a3eb8803": {"agg_fitness": -100062.6, "fitness": [-2500.0, 100.0, 100000.0], "time_stamp": 22.386431299964897}}, "6": {"b3995e44-d465-11ed-b385-a670a3eb8803": {"agg_fitness": -149.54238589894243, "fitness": [126.00000000000001, 100000.0, 52.69238589894242], "time_stamp": 22.547086799982935}, "b7f3f934-d465-11ed-905f-a670a3eb8803": {"agg_fitness": -133.14064481123688, "fitness": [83.0, 55000.0, 80.21564481123687], "time_stamp": 22.47485980001511}, "b3a7f0a3-d465-11ed-9932-a670a3eb8803": {"agg_fitness": -94.37049615639296, "fitness": [76.0, 20000.0, 76.27049615639297], "time_stamp": 22.48386430001119}, "b95c0d0b-d465-11ed-a8a8-a670a3eb8803": {"agg_fitness": -100062.6, "fitness": [-2500.0, 100.0, 100000.0], "time_stamp": 22.506493699969724}, "b9799374-d465-11ed-8df6-a670a3eb8803": {"agg_fitness": -100062.6, "fitness": [-2500.0, 100.0, 100000.0], "time_stamp": 22.53457720001461}}, "7": {"b3a7f0a3-d465-11ed-9932-a670a3eb8803": {"agg_fitness": -94.37049615639296, "fitness": [76.0, 20000.0, 76.27049615639297], "time_stamp": 24.380297399999108}, "b95c0d0b-d465-11ed-a8a8-a670a3eb8803": {"agg_fitness": -100062.6, "fitness": [-2500.0, 100.0, 100000.0], "time_stamp": 24.397994700004347}, "b9799374-d465-11ed-8df6-a670a3eb8803": {"agg_fitness": -100062.6, "fitness": [-2500.0, 100.0, 100000.0], "time_stamp": 24.4165428999695}, "b3995e44-d465-11ed-b385-a670a3eb8803": {"agg_fitness": -149.54238589894243,