{"00": {"-1": {"agg_fitness": -114.33062514865725, "fitness": [224.0, 40000.0, 79.93062514865724], "time_stamp": 1.1645894998218864}, "0": {"agg_fitness": -111.97925811206699, "fitness": [228.0, 40000.0, 77.67925811206699], "time_stamp": 2.1052208999171853}, "1": {"agg_fitness": -170.58549844117888, "fitness": [130.0, 40000.0, 133.83549844117888], "time_stamp": 2.8218174998182803}, "2": {"agg_fitness": -83.72296376373183, "fitness": [218.0, 5000.0, 84.17296376373183], "time_stamp": 3.7534339998383075}, "3": {"agg_fitness": -110.01187347746593, "fitness": [223.0, 40000.0, 75.58687347746593], "time_stamp": 4.604245299939066}, "4": {"agg_fitness": -168.93688664751514, "fitness": [136.0, 40000.0, 132.33688664751514], "time_stamp": 5.4144172999076545}, "5": {"agg_fitness": -136.51811390808479, "fitness": [170.0, 35000.0, 105.76811390808477], "time_stamp": 6.197595999808982}, "6": {"agg_fitness": -111.47926301350614, "fitness": [226.0, 40000.0, 77.12926301350615], "time_stamp": 7.14229719992727}, "7": {"agg_fitness": -150.12727035276833, "fitness": [154.0, 40000.0, 113.97727035276833], "time_stamp": 7.901244299951941}, "8": {"agg_fitness": -120.69269371672983, "fitness": [215.0, 40000.0, 86.06769371672983], "time_stamp": 8.734661499969661}, "9": {"agg_fitness": -83.72296376373183, "fitness": [218.0, 5000.0, 84.17296376373183], "time_stamp": 9.708713799947873}, "10": {"agg_fitness": -100062.6, "fitness": [-2500.0, 100.0, 100000.0], "time_stamp": 9.714753499953076}, "11": {"agg_fitness": -83.72296376373183, "fitness": [218.0, 5000.0, 84.17296376373183], "time_stamp": 10.575202599866316}, "12": {"agg_fitness": -110.90966299551118, "fitness": [231.0, 45000.0, 71.68466299551118], "time_stamp": 11.548298299778253}, "13": {"agg_fitness": -69.43895849330157, "fitness": [233.0, 5000.0, 70.26395849330157], "time_stamp": 12.411232999991626}, "14": {"agg_fitness": -83.72296376373183, "fitness": [218.0, 5000.0, 84.17296376373183], "time_stamp": 13.405419899849221}, "15": {"agg_fitness": -141.86979433324524, "fitness": [183.0, 45000.0, 101.44479433324526], "time_stamp": 14.25901379995048}, "16": {"agg_fitness": -218.97291666666666, "fitness": [9.0, 5000.0, 214.19791666666666], "time_stamp": 14.809968799818307}, "17": {"agg_fitness": -83.72081400853035, "fitness": [218.0, 5000.0, 84.17081400853036], "time_stamp": 15.686079499777406}, "18": {"agg_fitness": -79.67941464936366, "fitness": [202.0, 5000.0, 79.72941464936366], "time_stamp": 16.71934309997596}, "19": {"agg_fitness": -208.90383349646854, "fitness": [24.0, 5000.0, 204.50383349646853], "time_stamp": 17.25038559990935}, "20": {"agg_fitness": -224.41066815298802, "fitness": [0.0, 5000.0, 219.41066815298802], "time_stamp": 17.67874479992315}, "21": {"agg_fitness": -120.5520091830469, "fitness": [157.0, 5000.0, 119.4770091830469], "time_stamp": 18.641121599823236}, "22": {"agg_fitness": -69.43895849330157, "fitness": [233.0, 5000.0, 70.26395849330157], "time_stamp": 19.650908099953085}, "23": {"agg_fitness": -83.72296376373183, "fitness": [218.0, 5000.0, 84.17296376373183], "time_stamp": 20.59805419994518}, "24": {"agg_fitness": -69.43895849330157, "fitness": [233.0, 5000.0, 70.26395849330157], "time_stamp": 21.461830799933523}, "25": {"agg_fitness": -74.4758918784997, "fitness": [226.0, 5000.0, 75.1258918784997], "time_stamp": 22.452930999919772}, "26": {"agg_fitness": -102.33618982700256, "fitness": [195.0, 5000.0, 102.21118982700256], "time_stamp": 23.237825399963185}, "27": {"agg_fitness": -132.28695373885407, "fitness": [137.0, 5000.0, 130.71195373885408], "time_stamp": 24.3223421999719}, "28": {"agg_fitness": -90.1838867143785, "fitness": [195.0, 5000.0, 90.0588867143785], "time_stamp": 25.349292499944568}, "29": {"agg_fitness": -66.88788090032018, "fitness": [233.0, 5000.0, 67.71288090032019], "time_stamp": 26.337233199970797}, "30": {"agg_fitness": -209.44793519801388, "fitness": [24.0, 5000.0, 205.04793519801387], "time_stamp": 26.86711659980938}, "31": {"agg_fitness": -224.36387855143755, "fitness": [0.0, 5000.0, 219.36387855143755], "time_stamp": 27.354410499799997}, "32": {"agg_fitness": -82.65278816892834, "fitness": [225.0, 10000.0, 78.27778816892834], "time_stamp": 28.333217699779198}, "33": {"agg_fitness": -81.0300452462973, "fitness": [226.0, 5000.0, 81.68004524629731], "time_stamp": 29.521746199810877}, "34": {"agg_fitness": -82.90284829417384, "fitness": [251.0, 20000.0, 69.17784829417384], "time_stamp": 30.516368299955502}, "35": {"agg_fitness": -66.88788090032018, "fitness": [233.0, 5000.0, 67.71288090032019], "time_stamp": 31.403343399986625}, "36": {"agg_fitness": -69.43895849330157, "fitness": [233.0, 5000.0, 70.26395849330157], "time_stamp": 32.35710579995066}, "37": {"agg_fitness": -66.88788090032018, "fitness": [233.0, 5000.0, 67.71288090032019], "time_stamp": 33.212798999855295}, "38": {"agg_fitness": -83.77189783808753, "fitness": [218.0, 5000.0, 84.22189783808753], "time_stamp": 34.177643299801275}, "39": {"agg_fitness": -110.21709470461519, "fitness": [230.0, 40000.0, 75.96709470461519], "time_stamp": 35.04950229986571}, "40": {"agg_fitness": -101.49441210413768, "fitness": [235.0, 45000.0, 62.36941210413768], "time_stamp": 35.97937419987284}, "41": {"agg_fitness": -78.26139860448845, "fitness": [255.0, 20000.0, 64.63639860448845], "time_stamp": 36.89331519999541}, "42": {"agg_fitness": -78.26139860448845, "fitness": [255.0, 20000.0, 64.63639860448845], "time_stamp": 37.87850039987825}, "43": {"agg_fitness": -78.26139860448845, "fitness": [255.0, 20000.0, 64.63639860448845], "time_stamp": 38.81004019989632}, "44": {"agg_fitness": -69.43895849330157, "fitness": [233.0, 5000.0, 70.26395849330157], "time_stamp": 39.69266529986635}, "45": {"agg_fitness": -66.88788090032018, "fitness": [233.0, 5000.0, 67.71288090032019], "time_stamp": 40.639413699973375}, "46": {"agg_fitness": -78.26139860448845, "fitness": [255.0, 20000.0, 64.63639860448845], "time_stamp": 41.56443319981918}, "47": {"agg_fitness": -141.89322413195822, "fitness": [173.0, 40000.0, 106.21822413195824], "time_stamp": 42.44148089992814}, "48": {"agg_fitness": -66.88788090032018, "fitness": [233.0, 5000.0, 67.71288090032019], "time_stamp": 43.35027129994705}, "49": {"agg_fitness": -66.88788090032018, "fitness": [233.0, 5000.0, 67.71288090032019], "time_stamp": 44.29439019993879}, "50": {"agg_fitness": -66.88788090032018, "fitness": [233.0, 5000.0, 67.71288090032019], "time_stamp": 45.15956939989701}, "51": {"agg_fitness": -163.20347195444725, "fitness": [154.0, 45000.0, 122.05347195444726], "time_stamp": 46.14893819997087}, "52": {"agg_fitness": -135.97515253211657, "fitness": [196.0, 40000.0, 100.87515253211657], "time_stamp": 46.97984719998203}, "53": {"agg_fitness": -80.16783146437945, "fitness": [230.0, 10000.0, 75.91783146437945], "time_stamp": 47.932109699817374}, "54": {"agg_fitness": -106.79748235198815, "fitness": [180.0, 5000.0, 106.29748235198815], "time_stamp": 48.7820845998358}, "55": {"agg_fitness": -151.79347864670055, "fitness": [114.0, 5000.0, 149.64347864670054], "time_stamp": 50.4146538998466}, "56": {"agg_fitness": -95.1830152394775, "fitness": [241.0, 45000.0, 56.208015239477504], "time_stamp": 51.45149999996647}, "57": {"agg_fitness": -106.78186865744755, "fitness": [231.0, 45000.0, 67.55686865744755], "time_stamp": 52.57884299987927}, "58": {"agg_fitness": -93.69992068093802, "fitness": [266.0, 45000.0, 55.34992068093801], "time_stamp": 53.623461899813265}, "59": {"agg_fitness": -125.75989296681179, "fitness": [149.0, 5000.0, 124.48489296681178], "time_stamp": 54.74358579982072}, "60": {"agg_fitness": -78.26139860448845, "fitness": [255.0, 20000.0, 64.63639860448845], "time_stamp": 55.861780299805105}, "61": {"agg_fitness": -78.26139860448845, "fitness": [255.0, 20000.0, 64.63639860448845], "time_stamp": 56.89926649979316}, "62": {"agg_fitness": -66.88788090032018, "fitness": [233.0, 5000.0, 67.71288090032019], "time_stamp": 57.837810799945146}, "63": {"agg_fitness": -66.88788090032018,