{"00": {"0": {"agg_fitness": -1519.841433344709, "fitness": [105.0, 1325.0755049478107, 205.2659283968983, 0.0], "time_stamp": 2.49479589999828}, "1": {"agg_fitness": -2416.991937649217, "fitness": [252.0, 2020.0924322814856, 222.09950536773164, 40000.0], "time_stamp": 4.4898251999984495}, "2": {"agg_fitness": -840.4190744641661, "fitness": [703.0, 458.06982163664065, 452.64925282752546, 0.0], "time_stamp": 7.525566700001946}, "3": {"agg_fitness": -1009.872884993736, "fitness": [552.0, 539.1613427482628, 425.9115422454732, 20000.0], "time_stamp": 10.387932699995872}, "4": {"agg_fitness": -826.0987960473632, "fitness": [711.0, 453.607331599698, 418.5914644476652, 5000.0], "time_stamp": 13.811042599998473}}}