{"00": {"0": {"agg_fitness": -1519.841433344709, "fitness": [105.0, 1325.0755049478107, 205.2659283968983, 0.0]}, "1": {"agg_fitness": -2416.991937649217, "fitness": [252.0, 2020.0924322814856, 222.09950536773164, 40000.0]}, "2": {"agg_fitness": -840.4190744641661, "fitness": [703.0, 458.06982163664065, 452.64925282752546, 0.0]}, "3": {"agg_fitness": -1009.872884993736, "fitness": [552.0, 539.1613427482628, 425.9115422454732, 20000.0]}, "4": {"agg_fitness": -826.0987960473632, "fitness": [711.0, 453.607331599698, 418.5914644476652, 5000.0]}, "5": {"agg_fitness": -868.2568468935201, "fitness": [594.0, 500.8279450394019, 426.8289018541181, 0.0]}, "6": {"agg_fitness": -834.5648617088208, "fitness": [762.0, 450.8145100641451, 459.95035164467566, 0.0]}, "7": {"agg_fitness": -807.6926384837352, "fitness": [544.0, 527.1464040097914, 334.94623447394383, 0.0]}, "8": {"agg_fitness": -860.1124610183813, "fitness": [714.0, 472.305681960506, 459.2067790578754, 0.0]}, "9": {"agg_fitness": -855.3022071359351, "fitness": [744.0, 439.7302950604093, 464.9719120755257, 5000.0]}}}