{"00": {"0": {"agg_fitness": -1519.841433344709, "fitness": [105.0, 1325.0755049478107, 205.2659283968983, 0.0]}, "1": {"agg_fitness": -2416.991937649217, "fitness": [252.0, 2020.0924322814856, 222.09950536773164, 40000.0]}, "2": {"agg_fitness": -840.4190744641661, "fitness": [703.0, 458.06982163664065, 452.64925282752546, 0.0]}, "3": {"agg_fitness": -1009.872884993736, "fitness": [552.0, 539.1613427482628, 425.9115422454732, 20000.0]}}}